"Label","Group"
"P4_EvalSet_1",1
"P4_EvalSet_2",1
"P4_EvalSet_3",1
"P4_EvalSet_4",1
"P4_EvalSet_6",1
"P4_EvalSet_7",1
"P4_EvalSet_8",1
"P4_EvalSet_9",1
"P4_EvalSet_11",1
"P4_EvalSet_12",1
"P4_EvalSet_13",1
"P4_EvalSet_14",1
"P4_EvalSet_15",1
"P4_EvalSet_16",1
"P4_EvalSet_17",1
"P4_EvalSet_18",1
"P4_EvalSet_21",1
"P4_EvalSet_22",1
"P4_EvalSet_23",1
"P4_EvalSet_24",1
"P4_EvalSet_26",1
"P4_EvalSet_28",1
"P4_EvalSet_29",1
"P4_EvalSet_30",1
"P4_EvalSet_31",1
"P4_EvalSet_33",1
"P4_EvalSet_35",1
"P4_EvalSet_36",1
"P4_EvalSet_38",1
"P4_EvalSet_40",1
"P4_EvalSet_41",1
"P4_EvalSet_42",1
"P4_EvalSet_43",1
"P4_EvalSet_44",1
"P4_EvalSet_46",1
"P4_EvalSet_47",1
"P4_EvalSet_48",1
"P4_EvalSet_50",1
"P4_EvalSet_51",1
"P4_EvalSet_52",1
"P4_EvalSet_53",1
"P4_EvalSet_54",1
"P4_EvalSet_55",1
"P4_EvalSet_56",1
"P4_EvalSet_58",1
"P4_EvalSet_61",1
"P4_EvalSet_62",1
"P4_EvalSet_63",1
"P4_EvalSet_64",1
"P4_EvalSet_65",1
"P4_EvalSet_66",1
"P4_EvalSet_68",1
"P4_EvalSet_69",1
"P4_EvalSet_70",1
"P4_EvalSet_72",1
"P4_EvalSet_73",1
"P4_EvalSet_74",1
"P4_EvalSet_75",1
"P4_EvalSet_76",1
"P4_EvalSet_78",1
"P4_EvalSet_79",1
"P4_EvalSet_80",1
"P4_EvalSet_82",1
"P4_EvalSet_83",1
"P4_EvalSet_84",1
"P4_EvalSet_85",1
"P4_EvalSet_87",1
"P4_EvalSet_88",1
"P4_EvalSet_89",1
"P4_EvalSet_90",1
"P4_EvalSet_91",1
"P4_EvalSet_93",1
"P4_EvalSet_94",1
"P4_EvalSet_95",1
"P4_EvalSet_96",1
"P4_EvalSet_98",1
"P4_EvalSet_99",1
"P4_EvalSet_101",1
"P4_EvalSet_102",1
"P4_EvalSet_103",1
"P4_EvalSet_104",1
"P4_EvalSet_105",1
"P4_EvalSet_106",1
"P4_EvalSet_108",1
"P4_EvalSet_109",1
"P4_EvalSet_110",1
"P4_EvalSet_111",1
"P4_EvalSet_112",1
"P4_EvalSet_113",1
"P4_EvalSet_115",1
"P4_EvalSet_117",1
"P4_EvalSet_119",1
"P4_EvalSet_120",1
"P4_EvalSet_121",2
"P4_EvalSet_123",2
"P4_EvalSet_124",2
"P4_EvalSet_126",2
"P4_EvalSet_128",2
"P4_EvalSet_129",2
"P4_EvalSet_130",2
"P4_EvalSet_134",2
"P4_EvalSet_135",2
"P4_EvalSet_136",2
"P4_EvalSet_139",2
"P4_EvalSet_140",2
"P4_EvalSet_141",2
"P4_EvalSet_142",2
"P4_EvalSet_143",2
"P4_EvalSet_144",2
"P4_EvalSet_148",2
"P4_EvalSet_150",2
"P4_EvalSet_151",2
"P4_EvalSet_152",2
"P4_EvalSet_153",2
"P4_EvalSet_154",2
"P4_EvalSet_158",2
"P4_EvalSet_159",2
"P4_EvalSet_161",2
"P4_EvalSet_162",2
"P4_EvalSet_163",2
"P4_EvalSet_164",2
"P4_EvalSet_165",2
"P4_EvalSet_166",2
"P4_EvalSet_168",2
"P4_EvalSet_170",2
"P4_EvalSet_171",2
"P4_EvalSet_172",2
"P4_EvalSet_173",2
"P4_EvalSet_174",2
"P4_EvalSet_175",2
"P4_EvalSet_176",2
"P4_EvalSet_177",2
"P4_EvalSet_178",2
"P4_EvalSet_179",2
"P4_EvalSet_180",2
"P4_EvalSet_181",2
"P4_EvalSet_182",2
"P4_EvalSet_183",2
"P4_EvalSet_185",2
"P4_EvalSet_186",2
"P4_EvalSet_187",2
"P4_EvalSet_188",2
"P4_EvalSet_189",2
"P4_EvalSet_190",2
"P4_EvalSet_192",2
"P4_EvalSet_193",2
"P4_EvalSet_194",2
"P4_EvalSet_195",2
"P4_EvalSet_196",2
"P4_EvalSet_197",2
"P4_EvalSet_198",2
"P4_EvalSet_199",2
"P4_EvalSet_200",2
"P4_EvalSet_201",2
"P4_EvalSet_202",2
"P4_EvalSet_205",2
"P4_EvalSet_206",2
"P4_EvalSet_208",2
"P4_EvalSet_209",2
"P4_EvalSet_210",2
"P4_EvalSet_212",2
"P4_EvalSet_213",2
"P4_EvalSet_215",2
"P4_EvalSet_216",2
"P4_EvalSet_217",2
"P4_EvalSet_218",2
"P4_EvalSet_219",2
"P4_EvalSet_220",2
"P4_EvalSet_222",2
"P4_EvalSet_223",2
"P4_EvalSet_224",2
"P4_EvalSet_225",2
"P4_EvalSet_226",2
"P4_EvalSet_229",2
"P4_EvalSet_230",2
"P4_EvalSet_231",2
"P4_EvalSet_233",2
"P4_EvalSet_234",2
"P4_EvalSet_235",2
"P4_EvalSet_236",2
"P4_EvalSet_237",2
"P4_EvalSet_238",2
"P4_EvalSet_239",2
"P4_EvalSet_240",2
"P4_EvalSet_241",3
"P4_EvalSet_242",3
"P4_EvalSet_244",3
"P4_EvalSet_245",3
"P4_EvalSet_246",3
"P4_EvalSet_248",3
"P4_EvalSet_249",3
"P4_EvalSet_250",3
"P4_EvalSet_251",3
"P4_EvalSet_252",3
"P4_EvalSet_253",3
"P4_EvalSet_254",3
"P4_EvalSet_256",3
"P4_EvalSet_257",3
"P4_EvalSet_259",3
"P4_EvalSet_260",3
"P4_EvalSet_261",3
"P4_EvalSet_262",3
"P4_EvalSet_263",3
"P4_EvalSet_265",3
"P4_EvalSet_266",3
"P4_EvalSet_268",3
"P4_EvalSet_269",3
"P4_EvalSet_270",3
"P4_EvalSet_271",3
"P4_EvalSet_274",3
"P4_EvalSet_275",3
"P4_EvalSet_277",3
"P4_EvalSet_280",3
"P4_EvalSet_282",3
"P4_EvalSet_284",3
"P4_EvalSet_285",3
"P4_EvalSet_286",3
"P4_EvalSet_287",3
"P4_EvalSet_288",3
"P4_EvalSet_289",3
"P4_EvalSet_290",3
"P4_EvalSet_292",3
"P4_EvalSet_293",3
"P4_EvalSet_294",3
"P4_EvalSet_296",3
"P4_EvalSet_297",3
"P4_EvalSet_298",3
"P4_EvalSet_299",3
"P4_EvalSet_300",3
"P4_EvalSet_302",3
"P4_EvalSet_303",3
"P4_EvalSet_305",3
"P4_EvalSet_306",3
"P4_EvalSet_308",3
"P4_EvalSet_309",3
"P4_EvalSet_310",3
"P4_EvalSet_311",3
"P4_EvalSet_312",3
"P4_EvalSet_314",3
"P4_EvalSet_315",3
"P4_EvalSet_317",3
"P4_EvalSet_319",3
"P4_EvalSet_321",3
"P4_EvalSet_322",3
"P4_EvalSet_323",3
"P4_EvalSet_324",3
"P4_EvalSet_325",3
"P4_EvalSet_326",3
"P4_EvalSet_327",3
"P4_EvalSet_329",3
"P4_EvalSet_330",3
"P4_EvalSet_331",3
"P4_EvalSet_332",3
"P4_EvalSet_333",3
"P4_EvalSet_335",3
"P4_EvalSet_336",3
"P4_EvalSet_337",3
"P4_EvalSet_338",3
"P4_EvalSet_339",3
"P4_EvalSet_340",3
"P4_EvalSet_344",3
"P4_EvalSet_345",3
"P4_EvalSet_346",3
"P4_EvalSet_347",3
"P4_EvalSet_348",3
"P4_EvalSet_352",3
"P4_EvalSet_353",3
"P4_EvalSet_356",3
"P4_EvalSet_357",3
"P4_EvalSet_360",3
"P4_EvalSet_362",4
"P4_EvalSet_363",4
"P4_EvalSet_364",4
"P4_EvalSet_365",4
"P4_EvalSet_367",4
"P4_EvalSet_368",4
"P4_EvalSet_369",4
"P4_EvalSet_370",4
"P4_EvalSet_371",4
"P4_EvalSet_372",4
"P4_EvalSet_373",4
"P4_EvalSet_374",4
"P4_EvalSet_375",4
"P4_EvalSet_376",4
"P4_EvalSet_377",4
"P4_EvalSet_378",4
"P4_EvalSet_380",4
"P4_EvalSet_382",4
"P4_EvalSet_383",4
"P4_EvalSet_384",4
"P4_EvalSet_386",4
"P4_EvalSet_388",4
"P4_EvalSet_389",4
"P4_EvalSet_390",4
"P4_EvalSet_391",4
"P4_EvalSet_392",4
"P4_EvalSet_393",4
"P4_EvalSet_394",4
"P4_EvalSet_395",4
"P4_EvalSet_396",4
"P4_EvalSet_397",4
"P4_EvalSet_398",4
"P4_EvalSet_399",4
"P4_EvalSet_400",4
"P4_EvalSet_402",4
"P4_EvalSet_403",4
"P4_EvalSet_404",4
"P4_EvalSet_405",4
"P4_EvalSet_406",4
"P4_EvalSet_407",4
"P4_EvalSet_409",4
"P4_EvalSet_410",4
"P4_EvalSet_411",4
"P4_EvalSet_412",4
"P4_EvalSet_413",4
"P4_EvalSet_415",4
"P4_EvalSet_416",4
"P4_EvalSet_417",4
"P4_EvalSet_420",4
"P4_EvalSet_421",4
"P4_EvalSet_422",4
"P4_EvalSet_423",4
"P4_EvalSet_424",4
"P4_EvalSet_427",4
"P4_EvalSet_428",4
"P4_EvalSet_430",4
"P4_EvalSet_431",4
"P4_EvalSet_432",4
"P4_EvalSet_433",4
"P4_EvalSet_434",4
"P4_EvalSet_436",4
"P4_EvalSet_438",4
"P4_EvalSet_439",4
"P4_EvalSet_440",4
"P4_EvalSet_441",4
"P4_EvalSet_443",4
"P4_EvalSet_444",4
"P4_EvalSet_445",4
"P4_EvalSet_446",4
"P4_EvalSet_447",4
"P4_EvalSet_448",4
"P4_EvalSet_449",4
"P4_EvalSet_450",4
"P4_EvalSet_451",4
"P4_EvalSet_452",4
"P4_EvalSet_454",4
"P4_EvalSet_457",4
"P4_EvalSet_458",4
"P4_EvalSet_459",4
"P4_EvalSet_460",4
"P4_EvalSet_461",4
"P4_EvalSet_462",4
"P4_EvalSet_463",4
"P4_EvalSet_464",4
"P4_EvalSet_465",4
"P4_EvalSet_466",4
"P4_EvalSet_467",4
"P4_EvalSet_469",4
"P4_EvalSet_470",4
"P4_EvalSet_471",4
"P4_EvalSet_473",4
"P4_EvalSet_474",4
"P4_EvalSet_475",4
"P4_EvalSet_476",4
"P4_EvalSet_477",4
"P4_EvalSet_478",4
"P4_EvalSet_479",4
"P4_EvalSet_480",4
"P4_EvalSet_481",5
"P4_EvalSet_482",5
"P4_EvalSet_483",5
"P4_EvalSet_485",5
"P4_EvalSet_488",5
"P4_EvalSet_489",5
"P4_EvalSet_490",5
"P4_EvalSet_491",5
"P4_EvalSet_492",5
"P4_EvalSet_493",5
"P4_EvalSet_494",5
"P4_EvalSet_495",5
"P4_EvalSet_496",5
"P4_EvalSet_497",5
"P4_EvalSet_498",5
"P4_EvalSet_499",5
"P4_EvalSet_501",5
"P4_EvalSet_502",5
"P4_EvalSet_503",5
"P4_EvalSet_504",5
"P4_EvalSet_505",5
"P4_EvalSet_506",5
"P4_EvalSet_507",5
"P4_EvalSet_509",5
"P4_EvalSet_510",5
"P4_EvalSet_511",5
"P4_EvalSet_513",5
"P4_EvalSet_514",5
"P4_EvalSet_515",5
"P4_EvalSet_516",5
"P4_EvalSet_517",5
"P4_EvalSet_518",5
"P4_EvalSet_519",5
"P4_EvalSet_520",5
"P4_EvalSet_521",5
"P4_EvalSet_522",5
"P4_EvalSet_524",5
"P4_EvalSet_525",5
"P4_EvalSet_526",5
"P4_EvalSet_527",5
"P4_EvalSet_528",5
"P4_EvalSet_529",5
"P4_EvalSet_530",5
"P4_EvalSet_531",5
"P4_EvalSet_532",5
"P4_EvalSet_533",5
"P4_EvalSet_534",5
"P4_EvalSet_535",5
"P4_EvalSet_536",5
"P4_EvalSet_538",5
"P4_EvalSet_539",5
"P4_EvalSet_540",5
"P4_EvalSet_541",5
"P4_EvalSet_543",5
"P4_EvalSet_544",5
"P4_EvalSet_545",5
"P4_EvalSet_547",5
"P4_EvalSet_548",5
"P4_EvalSet_551",5
"P4_EvalSet_552",5
"P4_EvalSet_553",5
"P4_EvalSet_554",5
"P4_EvalSet_557",5
"P4_EvalSet_558",5
"P4_EvalSet_559",5
"P4_EvalSet_561",5
"P4_EvalSet_562",5
"P4_EvalSet_564",5
"P4_EvalSet_565",5
"P4_EvalSet_566",5
"P4_EvalSet_567",5
"P4_EvalSet_568",5
"P4_EvalSet_569",5
"P4_EvalSet_570",5
"P4_EvalSet_572",5
"P4_EvalSet_573",5
"P4_EvalSet_574",5
"P4_EvalSet_575",5
"P4_EvalSet_576",5
"P4_EvalSet_577",5
"P4_EvalSet_578",5
"P4_EvalSet_580",5
"P4_EvalSet_581",5
"P4_EvalSet_582",5
"P4_EvalSet_583",5
"P4_EvalSet_584",5
"P4_EvalSet_585",5
"P4_EvalSet_587",5
"P4_EvalSet_588",5
"P4_EvalSet_589",5
"P4_EvalSet_590",5
"P4_EvalSet_591",5
"P4_EvalSet_592",5
"P4_EvalSet_593",5
"P4_EvalSet_595",5
"P4_EvalSet_596",5
"P4_EvalSet_599",5
"P4_EvalSet_601",6
"P4_EvalSet_602",6
"P4_EvalSet_603",6
"P4_EvalSet_604",6
"P4_EvalSet_605",6
"P4_EvalSet_607",6
"P4_EvalSet_608",6
"P4_EvalSet_610",6
"P4_EvalSet_611",6
"P4_EvalSet_612",6
"P4_EvalSet_613",6
"P4_EvalSet_614",6
"P4_EvalSet_615",6
"P4_EvalSet_618",6
"P4_EvalSet_619",6
"P4_EvalSet_620",6
"P4_EvalSet_622",6
"P4_EvalSet_623",6
"P4_EvalSet_624",6
"P4_EvalSet_625",6
"P4_EvalSet_627",6
"P4_EvalSet_630",6
"P4_EvalSet_632",6
"P4_EvalSet_633",6
"P4_EvalSet_634",6
"P4_EvalSet_636",6
"P4_EvalSet_637",6
"P4_EvalSet_638",6
"P4_EvalSet_639",6
"P4_EvalSet_640",6
"P4_EvalSet_641",6
"P4_EvalSet_642",6
"P4_EvalSet_643",6
"P4_EvalSet_644",6
"P4_EvalSet_645",6
"P4_EvalSet_646",6
"P4_EvalSet_647",6
"P4_EvalSet_649",6
"P4_EvalSet_650",6
"P4_EvalSet_651",6
"P4_EvalSet_653",6
"P4_EvalSet_654",6
"P4_EvalSet_655",6
"P4_EvalSet_657",6
"P4_EvalSet_658",6
"P4_EvalSet_659",6
"P4_EvalSet_660",6
"P4_EvalSet_661",6
"P4_EvalSet_662",6
"P4_EvalSet_663",6
"P4_EvalSet_664",6
"P4_EvalSet_665",6
"P4_EvalSet_666",6
"P4_EvalSet_667",6
"P4_EvalSet_668",6
"P4_EvalSet_669",6
"P4_EvalSet_670",6
"P4_EvalSet_671",6
"P4_EvalSet_672",6
"P4_EvalSet_673",6
"P4_EvalSet_674",6
"P4_EvalSet_675",6
"P4_EvalSet_676",6
"P4_EvalSet_677",6
"P4_EvalSet_679",6
"P4_EvalSet_680",6
"P4_EvalSet_681",6
"P4_EvalSet_682",6
"P4_EvalSet_683",6
"P4_EvalSet_684",6
"P4_EvalSet_686",6
"P4_EvalSet_687",6
"P4_EvalSet_688",6
"P4_EvalSet_689",6
"P4_EvalSet_690",6
"P4_EvalSet_692",6
"P4_EvalSet_693",6
"P4_EvalSet_697",6
"P4_EvalSet_698",6
"P4_EvalSet_701",6
"P4_EvalSet_702",6
"P4_EvalSet_703",6
"P4_EvalSet_704",6
"P4_EvalSet_705",6
"P4_EvalSet_707",6
"P4_EvalSet_708",6
"P4_EvalSet_709",6
"P4_EvalSet_710",6
"P4_EvalSet_711",6
"P4_EvalSet_712",6
"P4_EvalSet_713",6
"P4_EvalSet_716",6
"P4_EvalSet_717",6
"P4_EvalSet_718",6
"P4_EvalSet_719",6
"P4_EvalSet_720",6
"P4_EvalSet_721",7
"P4_EvalSet_722",7
"P4_EvalSet_723",7
"P4_EvalSet_724",7
"P4_EvalSet_725",7
"P4_EvalSet_726",7
"P4_EvalSet_728",7
"P4_EvalSet_729",7
"P4_EvalSet_730",7
"P4_EvalSet_731",7
"P4_EvalSet_732",7
"P4_EvalSet_733",7
"P4_EvalSet_734",7
"P4_EvalSet_735",7
"P4_EvalSet_738",7
"P4_EvalSet_739",7
"P4_EvalSet_740",7
"P4_EvalSet_741",7
"P4_EvalSet_742",7
"P4_EvalSet_743",7
"P4_EvalSet_744",7
"P4_EvalSet_746",7
"P4_EvalSet_747",7
"P4_EvalSet_748",7
"P4_EvalSet_750",7
"P4_EvalSet_753",7
"P4_EvalSet_754",7
"P4_EvalSet_756",7
"P4_EvalSet_757",7
"P4_EvalSet_759",7
"P4_EvalSet_760",7
"P4_EvalSet_762",7
"P4_EvalSet_763",7
"P4_EvalSet_764",7
"P4_EvalSet_766",7
"P4_EvalSet_767",7
"P4_EvalSet_768",7
"P4_EvalSet_769",7
"P4_EvalSet_772",7
"P4_EvalSet_774",7
"P4_EvalSet_776",7
"P4_EvalSet_777",7
"P4_EvalSet_778",7
"P4_EvalSet_779",7
"P4_EvalSet_780",7
"P4_EvalSet_781",7
"P4_EvalSet_782",7
"P4_EvalSet_783",7
"P4_EvalSet_784",7
"P4_EvalSet_785",7
"P4_EvalSet_786",7
"P4_EvalSet_787",7
"P4_EvalSet_790",7
"P4_EvalSet_791",7
"P4_EvalSet_792",7
"P4_EvalSet_793",7
"P4_EvalSet_794",7
"P4_EvalSet_795",7
"P4_EvalSet_796",7
"P4_EvalSet_798",7
"P4_EvalSet_799",7
"P4_EvalSet_801",7
"P4_EvalSet_804",7
"P4_EvalSet_805",7
"P4_EvalSet_808",7
"P4_EvalSet_809",7
"P4_EvalSet_810",7
"P4_EvalSet_812",7
"P4_EvalSet_813",7
"P4_EvalSet_816",7
"P4_EvalSet_817",7
"P4_EvalSet_818",7
"P4_EvalSet_820",7
"P4_EvalSet_821",7
"P4_EvalSet_823",7
"P4_EvalSet_824",7
"P4_EvalSet_825",7
"P4_EvalSet_827",7
"P4_EvalSet_829",7
"P4_EvalSet_830",7
"P4_EvalSet_831",7
"P4_EvalSet_833",7
"P4_EvalSet_834",7
"P4_EvalSet_835",7
"P4_EvalSet_836",7
"P4_EvalSet_837",7
"P4_EvalSet_838",7
"P4_EvalSet_839",7
"P4_EvalSet_840",7
"P4_EvalSet_842",8
"P4_EvalSet_843",8
"P4_EvalSet_844",8
"P4_EvalSet_845",8
"P4_EvalSet_846",8
"P4_EvalSet_847",8
"P4_EvalSet_849",8
"P4_EvalSet_850",8
"P4_EvalSet_851",8
"P4_EvalSet_852",8
"P4_EvalSet_853",8
"P4_EvalSet_854",8
"P4_EvalSet_855",8
"P4_EvalSet_856",8
"P4_EvalSet_857",8
"P4_EvalSet_858",8
"P4_EvalSet_859",8
"P4_EvalSet_861",8
"P4_EvalSet_862",8
"P4_EvalSet_863",8
"P4_EvalSet_864",8
"P4_EvalSet_865",8
"P4_EvalSet_867",8
"P4_EvalSet_868",8
"P4_EvalSet_869",8
"P4_EvalSet_870",8
"P4_EvalSet_871",8
"P4_EvalSet_872",8
"P4_EvalSet_874",8
"P4_EvalSet_876",8
"P4_EvalSet_877",8
"P4_EvalSet_878",8
"P4_EvalSet_879",8
"P4_EvalSet_880",8
"P4_EvalSet_881",8
"P4_EvalSet_884",8
"P4_EvalSet_885",8
"P4_EvalSet_887",8
"P4_EvalSet_888",8
"P4_EvalSet_889",8
"P4_EvalSet_890",8
"P4_EvalSet_891",8
"P4_EvalSet_892",8
"P4_EvalSet_893",8
"P4_EvalSet_894",8
"P4_EvalSet_895",8
"P4_EvalSet_896",8
"P4_EvalSet_897",8
"P4_EvalSet_899",8
"P4_EvalSet_900",8
"P4_EvalSet_901",8
"P4_EvalSet_902",8
"P4_EvalSet_903",8
"P4_EvalSet_904",8
"P4_EvalSet_906",8
"P4_EvalSet_907",8
"P4_EvalSet_908",8
"P4_EvalSet_909",8
"P4_EvalSet_911",8
"P4_EvalSet_914",8
"P4_EvalSet_915",8
"P4_EvalSet_917",8
"P4_EvalSet_918",8
"P4_EvalSet_919",8
"P4_EvalSet_920",8
"P4_EvalSet_922",8
"P4_EvalSet_924",8
"P4_EvalSet_925",8
"P4_EvalSet_926",8
"P4_EvalSet_928",8
"P4_EvalSet_929",8
"P4_EvalSet_930",8
"P4_EvalSet_931",8
"P4_EvalSet_932",8
"P4_EvalSet_933",8
"P4_EvalSet_934",8
"P4_EvalSet_935",8
"P4_EvalSet_936",8
"P4_EvalSet_937",8
"P4_EvalSet_938",8
"P4_EvalSet_939",8
"P4_EvalSet_941",8
"P4_EvalSet_942",8
"P4_EvalSet_944",8
"P4_EvalSet_945",8
"P4_EvalSet_946",8
"P4_EvalSet_948",8
"P4_EvalSet_949",8
"P4_EvalSet_950",8
"P4_EvalSet_951",8
"P4_EvalSet_952",8
"P4_EvalSet_953",8
"P4_EvalSet_954",8
"P4_EvalSet_955",8
"P4_EvalSet_957",8
"P4_EvalSet_959",8
"P4_EvalSet_960",8
"P4_EvalSet_962",9
"P4_EvalSet_963",9
"P4_EvalSet_965",9
"P4_EvalSet_966",9
"P4_EvalSet_967",9
"P4_EvalSet_968",9
"P4_EvalSet_969",9
"P4_EvalSet_970",9
"P4_EvalSet_972",9
"P4_EvalSet_973",9
"P4_EvalSet_976",9
"P4_EvalSet_978",9
"P4_EvalSet_980",9
"P4_EvalSet_981",9
"P4_EvalSet_982",9
"P4_EvalSet_983",9
"P4_EvalSet_985",9
"P4_EvalSet_987",9
"P4_EvalSet_988",9
"P4_EvalSet_989",9
"P4_EvalSet_990",9
"P4_EvalSet_991",9
"P4_EvalSet_993",9
"P4_EvalSet_994",9
"P4_EvalSet_995",9
"P4_EvalSet_996",9
"P4_EvalSet_997",9
"P4_EvalSet_999",9
"P4_EvalSet_1000",9
"P4_EvalSet_1002",9
"P4_EvalSet_1003",9
"P4_EvalSet_1004",9
"P4_EvalSet_1005",9
"P4_EvalSet_1007",9
"P4_EvalSet_1008",9
"P4_EvalSet_1009",9
"P4_EvalSet_1010",9
"P4_EvalSet_1011",9
"P4_EvalSet_1013",9
"P4_EvalSet_1014",9
"P4_EvalSet_1015",9
"P4_EvalSet_1016",9
"P4_EvalSet_1017",9
"P4_EvalSet_1018",9
"P4_EvalSet_1019",9
"P4_EvalSet_1020",9
"P4_EvalSet_1021",9
"P4_EvalSet_1022",9
"P4_EvalSet_1023",9
"P4_EvalSet_1025",9
"P4_EvalSet_1027",9
"P4_EvalSet_1028",9
"P4_EvalSet_1029",9
"P4_EvalSet_1031",9
"P4_EvalSet_1033",9
"P4_EvalSet_1034",9
"P4_EvalSet_1035",9
"P4_EvalSet_1036",9
"P4_EvalSet_1037",9
"P4_EvalSet_1038",9
"P4_EvalSet_1039",9
"P4_EvalSet_1040",9
"P4_EvalSet_1041",9
"P4_EvalSet_1042",9
"P4_EvalSet_1043",9
"P4_EvalSet_1044",9
"P4_EvalSet_1045",9
"P4_EvalSet_1046",9
"P4_EvalSet_1048",9
"P4_EvalSet_1049",9
"P4_EvalSet_1050",9
"P4_EvalSet_1051",9
"P4_EvalSet_1053",9
"P4_EvalSet_1054",9
"P4_EvalSet_1055",9
"P4_EvalSet_1056",9
"P4_EvalSet_1057",9
"P4_EvalSet_1058",9
"P4_EvalSet_1059",9
"P4_EvalSet_1061",9
"P4_EvalSet_1062",9
"P4_EvalSet_1063",9
"P4_EvalSet_1064",9
"P4_EvalSet_1065",9
"P4_EvalSet_1066",9
"P4_EvalSet_1067",9
"P4_EvalSet_1068",9
"P4_EvalSet_1069",9
"P4_EvalSet_1070",9
"P4_EvalSet_1071",9
"P4_EvalSet_1074",9
"P4_EvalSet_1077",9
"P4_EvalSet_1079",9
"P4_EvalSet_1080",9
"P4_EvalSet_1081",10
"P4_EvalSet_1082",10
"P4_EvalSet_1083",10
"P4_EvalSet_1084",10
"P4_EvalSet_1085",10
"P4_EvalSet_1086",10
"P4_EvalSet_1087",10
"P4_EvalSet_1088",10
"P4_EvalSet_1091",10
"P4_EvalSet_1093",10
"P4_EvalSet_1094",10
"P4_EvalSet_1095",10
"P4_EvalSet_1098",10
"P4_EvalSet_1099",10
"P4_EvalSet_1100",10
"P4_EvalSet_1101",10
"P4_EvalSet_1102",10
"P4_EvalSet_1103",10
"P4_EvalSet_1104",10
"P4_EvalSet_1106",10
"P4_EvalSet_1107",10
"P4_EvalSet_1108",10
"P4_EvalSet_1109",10
"P4_EvalSet_1110",10
"P4_EvalSet_1111",10
"P4_EvalSet_1113",10
"P4_EvalSet_1114",10
"P4_EvalSet_1115",10
"P4_EvalSet_1116",10
"P4_EvalSet_1117",10
"P4_EvalSet_1118",10
"P4_EvalSet_1119",10
"P4_EvalSet_1120",10
"P4_EvalSet_1122",10
"P4_EvalSet_1123",10
"P4_EvalSet_1124",10
"P4_EvalSet_1125",10
"P4_EvalSet_1127",10
"P4_EvalSet_1129",10
"P4_EvalSet_1130",10
"P4_EvalSet_1131",10
"P4_EvalSet_1132",10
"P4_EvalSet_1134",10
"P4_EvalSet_1136",10
"P4_EvalSet_1137",10
"P4_EvalSet_1141",10
"P4_EvalSet_1142",10
"P4_EvalSet_1144",10
"P4_EvalSet_1146",10
"P4_EvalSet_1147",10
"P4_EvalSet_1151",10
"P4_EvalSet_1152",10
"P4_EvalSet_1153",10
"P4_EvalSet_1154",10
"P4_EvalSet_1155",10
"P4_EvalSet_1157",10
"P4_EvalSet_1158",10
"P4_EvalSet_1159",10
"P4_EvalSet_1160",10
"P4_EvalSet_1161",10
"P4_EvalSet_1162",10
"P4_EvalSet_1163",10
"P4_EvalSet_1165",10
"P4_EvalSet_1166",10
"P4_EvalSet_1167",10
"P4_EvalSet_1169",10
"P4_EvalSet_1171",10
"P4_EvalSet_1172",10
"P4_EvalSet_1173",10
"P4_EvalSet_1175",10
"P4_EvalSet_1176",10
"P4_EvalSet_1177",10
"P4_EvalSet_1180",10
"P4_EvalSet_1181",10
"P4_EvalSet_1182",10
"P4_EvalSet_1183",10
"P4_EvalSet_1185",10
"P4_EvalSet_1186",10
"P4_EvalSet_1187",10
"P4_EvalSet_1189",10
"P4_EvalSet_1190",10
"P4_EvalSet_1191",10
"P4_EvalSet_1192",10
"P4_EvalSet_1193",10
"P4_EvalSet_1194",10
"P4_EvalSet_1196",10
"P4_EvalSet_1197",10
"P4_EvalSet_1198",10
"P4_EvalSet_1201",11
"P4_EvalSet_1202",11
"P4_EvalSet_1203",11
"P4_EvalSet_1204",11
"P4_EvalSet_1205",11
"P4_EvalSet_1207",11
"P4_EvalSet_1208",11
"P4_EvalSet_1209",11
"P4_EvalSet_1212",11
"P4_EvalSet_1214",11
"P4_EvalSet_1215",11
"P4_EvalSet_1216",11
"P4_EvalSet_1217",11
"P4_EvalSet_1219",11
"P4_EvalSet_1220",11
"P4_EvalSet_1221",11
"P4_EvalSet_1222",11
"P4_EvalSet_1223",11
"P4_EvalSet_1224",11
"P4_EvalSet_1225",11
"P4_EvalSet_1226",11
"P4_EvalSet_1227",11
"P4_EvalSet_1228",11
"P4_EvalSet_1229",11
"P4_EvalSet_1230",11
"P4_EvalSet_1232",11
"P4_EvalSet_1233",11
"P4_EvalSet_1234",11
"P4_EvalSet_1235",11
"P4_EvalSet_1236",11
"P4_EvalSet_1237",11
"P4_EvalSet_1238",11
"P4_EvalSet_1239",11
"P4_EvalSet_1240",11
"P4_EvalSet_1241",11
"P4_EvalSet_1242",11
"P4_EvalSet_1244",11
"P4_EvalSet_1246",11
"P4_EvalSet_1248",11
"P4_EvalSet_1249",11
"P4_EvalSet_1250",11
"P4_EvalSet_1251",11
"P4_EvalSet_1252",11
"P4_EvalSet_1254",11
"P4_EvalSet_1255",11
"P4_EvalSet_1256",11
"P4_EvalSet_1257",11
"P4_EvalSet_1258",11
"P4_EvalSet_1259",11
"P4_EvalSet_1260",11
"P4_EvalSet_1261",11
"P4_EvalSet_1262",11
"P4_EvalSet_1263",11
"P4_EvalSet_1264",11
"P4_EvalSet_1265",11
"P4_EvalSet_1266",11
"P4_EvalSet_1267",11
"P4_EvalSet_1268",11
"P4_EvalSet_1269",11
"P4_EvalSet_1270",11
"P4_EvalSet_1271",11
"P4_EvalSet_1272",11
"P4_EvalSet_1275",11
"P4_EvalSet_1276",11
"P4_EvalSet_1278",11
"P4_EvalSet_1279",11
"P4_EvalSet_1281",11
"P4_EvalSet_1282",11
"P4_EvalSet_1283",11
"P4_EvalSet_1285",11
"P4_EvalSet_1286",11
"P4_EvalSet_1287",11
"P4_EvalSet_1288",11
"P4_EvalSet_1289",11
"P4_EvalSet_1291",11
"P4_EvalSet_1292",11
"P4_EvalSet_1294",11
"P4_EvalSet_1297",11
"P4_EvalSet_1299",11
"P4_EvalSet_1300",11
"P4_EvalSet_1301",11
"P4_EvalSet_1302",11
"P4_EvalSet_1303",11
"P4_EvalSet_1304",11
"P4_EvalSet_1306",11
"P4_EvalSet_1310",11
"P4_EvalSet_1311",11
"P4_EvalSet_1312",11
"P4_EvalSet_1313",11
"P4_EvalSet_1314",11
"P4_EvalSet_1315",11
"P4_EvalSet_1316",11
"P4_EvalSet_1317",11
"P4_EvalSet_1318",11
"P4_EvalSet_1319",11
"P4_EvalSet_1320",11
"P4_EvalSet_1321",12
"P4_EvalSet_1322",12
"P4_EvalSet_1323",12
"P4_EvalSet_1324",12
"P4_EvalSet_1325",12
"P4_EvalSet_1326",12
"P4_EvalSet_1327",12
"P4_EvalSet_1330",12
"P4_EvalSet_1331",12
"P4_EvalSet_1332",12
"P4_EvalSet_1333",12
"P4_EvalSet_1335",12
"P4_EvalSet_1336",12
"P4_EvalSet_1337",12
"P4_EvalSet_1338",12
"P4_EvalSet_1339",12
"P4_EvalSet_1340",12
"P4_EvalSet_1341",12
"P4_EvalSet_1342",12
"P4_EvalSet_1343",12
"P4_EvalSet_1344",12
"P4_EvalSet_1345",12
"P4_EvalSet_1346",12
"P4_EvalSet_1347",12
"P4_EvalSet_1348",12
"P4_EvalSet_1349",12
"P4_EvalSet_1350",12
"P4_EvalSet_1351",12
"P4_EvalSet_1352",12
"P4_EvalSet_1353",12
"P4_EvalSet_1354",12
"P4_EvalSet_1356",12
"P4_EvalSet_1358",12
"P4_EvalSet_1360",12
"P4_EvalSet_1361",12
"P4_EvalSet_1362",12
"P4_EvalSet_1363",12
"P4_EvalSet_1364",12
"P4_EvalSet_1365",12
"P4_EvalSet_1366",12
"P4_EvalSet_1367",12
"P4_EvalSet_1369",12
"P4_EvalSet_1372",12
"P4_EvalSet_1374",12
"P4_EvalSet_1375",12
"P4_EvalSet_1376",12
"P4_EvalSet_1380",12
"P4_EvalSet_1381",12
"P4_EvalSet_1382",12
"P4_EvalSet_1383",12
"P4_EvalSet_1384",12
"P4_EvalSet_1385",12
"P4_EvalSet_1386",12
"P4_EvalSet_1387",12
"P4_EvalSet_1388",12
"P4_EvalSet_1389",12
"P4_EvalSet_1390",12
"P4_EvalSet_1391",12
"P4_EvalSet_1392",12
"P4_EvalSet_1395",12
"P4_EvalSet_1396",12
"P4_EvalSet_1399",12
"P4_EvalSet_1400",12
"P4_EvalSet_1402",12
"P4_EvalSet_1403",12
"P4_EvalSet_1404",12
"P4_EvalSet_1405",12
"P4_EvalSet_1406",12
"P4_EvalSet_1408",12
"P4_EvalSet_1409",12
"P4_EvalSet_1410",12
"P4_EvalSet_1411",12
"P4_EvalSet_1412",12
"P4_EvalSet_1413",12
"P4_EvalSet_1415",12
"P4_EvalSet_1416",12
"P4_EvalSet_1419",12
"P4_EvalSet_1420",12
"P4_EvalSet_1422",12
"P4_EvalSet_1423",12
"P4_EvalSet_1424",12
"P4_EvalSet_1425",12
"P4_EvalSet_1426",12
"P4_EvalSet_1427",12
"P4_EvalSet_1428",12
"P4_EvalSet_1429",12
"P4_EvalSet_1430",12
"P4_EvalSet_1431",12
"P4_EvalSet_1432",12
"P4_EvalSet_1433",12
"P4_EvalSet_1434",12
"P4_EvalSet_1435",12
"P4_EvalSet_1436",12
"P4_EvalSet_1437",12
"P4_EvalSet_1438",12
"P4_EvalSet_1439",12
"P4_EvalSet_1440",12
"P4_EvalSet_1441",13
"P4_EvalSet_1442",13
"P4_EvalSet_1443",13
"P4_EvalSet_1446",13
"P4_EvalSet_1447",13
"P4_EvalSet_1448",13
"P4_EvalSet_1449",13
"P4_EvalSet_1451",13
"P4_EvalSet_1452",13
"P4_EvalSet_1453",13
"P4_EvalSet_1455",13
"P4_EvalSet_1457",13
"P4_EvalSet_1459",13
"P4_EvalSet_1460",13
"P4_EvalSet_1462",13
"P4_EvalSet_1463",13
"P4_EvalSet_1464",13
"P4_EvalSet_1465",13
"P4_EvalSet_1466",13
"P4_EvalSet_1467",13
"P4_EvalSet_1468",13
"P4_EvalSet_1469",13
"P4_EvalSet_1472",13
"P4_EvalSet_1473",13
"P4_EvalSet_1474",13
"P4_EvalSet_1475",13
"P4_EvalSet_1479",13
"P4_EvalSet_1483",13
"P4_EvalSet_1484",13
"P4_EvalSet_1485",13
"P4_EvalSet_1486",13
"P4_EvalSet_1487",13
"P4_EvalSet_1490",13
"P4_EvalSet_1492",13
"P4_EvalSet_1493",13
"P4_EvalSet_1494",13
"P4_EvalSet_1495",13
"P4_EvalSet_1496",13
"P4_EvalSet_1497",13
"P4_EvalSet_1498",13
"P4_EvalSet_1500",13
"P4_EvalSet_1501",13
"P4_EvalSet_1503",13
"P4_EvalSet_1504",13
"P4_EvalSet_1507",13
"P4_EvalSet_1508",13
"P4_EvalSet_1509",13
"P4_EvalSet_1510",13
"P4_EvalSet_1511",13
"P4_EvalSet_1513",13
"P4_EvalSet_1514",13
"P4_EvalSet_1515",13
"P4_EvalSet_1516",13
"P4_EvalSet_1517",13
"P4_EvalSet_1518",13
"P4_EvalSet_1519",13
"P4_EvalSet_1520",13
"P4_EvalSet_1521",13
"P4_EvalSet_1522",13
"P4_EvalSet_1523",13
"P4_EvalSet_1524",13
"P4_EvalSet_1525",13
"P4_EvalSet_1526",13
"P4_EvalSet_1527",13
"P4_EvalSet_1529",13
"P4_EvalSet_1530",13
"P4_EvalSet_1531",13
"P4_EvalSet_1533",13
"P4_EvalSet_1534",13
"P4_EvalSet_1535",13
"P4_EvalSet_1537",13
"P4_EvalSet_1538",13
"P4_EvalSet_1540",13
"P4_EvalSet_1542",13
"P4_EvalSet_1543",13
"P4_EvalSet_1544",13
"P4_EvalSet_1545",13
"P4_EvalSet_1546",13
"P4_EvalSet_1547",13
"P4_EvalSet_1549",13
"P4_EvalSet_1551",13
"P4_EvalSet_1553",13
"P4_EvalSet_1554",13
"P4_EvalSet_1555",13
"P4_EvalSet_1556",13
"P4_EvalSet_1557",13
"P4_EvalSet_1558",13
"P4_EvalSet_1559",13
"P4_EvalSet_1560",13
"P4_EvalSet_1561",14
"P4_EvalSet_1562",14
"P4_EvalSet_1563",14
"P4_EvalSet_1566",14
"P4_EvalSet_1567",14
"P4_EvalSet_1568",14
"P4_EvalSet_1569",14
"P4_EvalSet_1570",14
"P4_EvalSet_1571",14
"P4_EvalSet_1572",14
"P4_EvalSet_1573",14
"P4_EvalSet_1574",14
"P4_EvalSet_1575",14
"P4_EvalSet_1576",14
"P4_EvalSet_1578",14
"P4_EvalSet_1579",14
"P4_EvalSet_1580",14
"P4_EvalSet_1581",14
"P4_EvalSet_1582",14
"P4_EvalSet_1584",14
"P4_EvalSet_1585",14
"P4_EvalSet_1586",14
"P4_EvalSet_1587",14
"P4_EvalSet_1589",14
"P4_EvalSet_1590",14
"P4_EvalSet_1591",14
"P4_EvalSet_1592",14
"P4_EvalSet_1593",14
"P4_EvalSet_1594",14
"P4_EvalSet_1595",14
"P4_EvalSet_1596",14
"P4_EvalSet_1597",14
"P4_EvalSet_1599",14
"P4_EvalSet_1601",14
"P4_EvalSet_1602",14
"P4_EvalSet_1603",14
"P4_EvalSet_1606",14
"P4_EvalSet_1608",14
"P4_EvalSet_1609",14
"P4_EvalSet_1611",14
"P4_EvalSet_1612",14
"P4_EvalSet_1613",14
"P4_EvalSet_1614",14
"P4_EvalSet_1615",14
"P4_EvalSet_1616",14
"P4_EvalSet_1617",14
"P4_EvalSet_1619",14
"P4_EvalSet_1620",14
"P4_EvalSet_1621",14
"P4_EvalSet_1622",14
"P4_EvalSet_1623",14
"P4_EvalSet_1626",14
"P4_EvalSet_1627",14
"P4_EvalSet_1629",14
"P4_EvalSet_1630",14
"P4_EvalSet_1631",14
"P4_EvalSet_1632",14
"P4_EvalSet_1633",14
"P4_EvalSet_1634",14
"P4_EvalSet_1635",14
"P4_EvalSet_1636",14
"P4_EvalSet_1637",14
"P4_EvalSet_1638",14
"P4_EvalSet_1639",14
"P4_EvalSet_1640",14
"P4_EvalSet_1641",14
"P4_EvalSet_1642",14
"P4_EvalSet_1643",14
"P4_EvalSet_1644",14
"P4_EvalSet_1647",14
"P4_EvalSet_1649",14
"P4_EvalSet_1651",14
"P4_EvalSet_1652",14
"P4_EvalSet_1653",14
"P4_EvalSet_1655",14
"P4_EvalSet_1656",14
"P4_EvalSet_1659",14
"P4_EvalSet_1660",14
"P4_EvalSet_1661",14
"P4_EvalSet_1664",14
"P4_EvalSet_1665",14
"P4_EvalSet_1666",14
"P4_EvalSet_1667",14
"P4_EvalSet_1668",14
"P4_EvalSet_1670",14
"P4_EvalSet_1671",14
"P4_EvalSet_1672",14
"P4_EvalSet_1673",14
"P4_EvalSet_1674",14
"P4_EvalSet_1675",14
"P4_EvalSet_1676",14
"P4_EvalSet_1678",14
"P4_EvalSet_1679",14
"P4_EvalSet_1680",14
"P4_EvalSet_1681",15
"P4_EvalSet_1682",15
"P4_EvalSet_1683",15
"P4_EvalSet_1684",15
"P4_EvalSet_1685",15
"P4_EvalSet_1686",15
"P4_EvalSet_1687",15
"P4_EvalSet_1690",15
"P4_EvalSet_1691",15
"P4_EvalSet_1692",15
"P4_EvalSet_1693",15
"P4_EvalSet_1694",15
"P4_EvalSet_1695",15
"P4_EvalSet_1696",15
"P4_EvalSet_1697",15
"P4_EvalSet_1698",15
"P4_EvalSet_1699",15
"P4_EvalSet_1700",15
"P4_EvalSet_1702",15
"P4_EvalSet_1704",15
"P4_EvalSet_1705",15
"P4_EvalSet_1706",15
"P4_EvalSet_1707",15
"P4_EvalSet_1708",15
"P4_EvalSet_1709",15
"P4_EvalSet_1710",15
"P4_EvalSet_1711",15
"P4_EvalSet_1712",15
"P4_EvalSet_1713",15
"P4_EvalSet_1714",15
"P4_EvalSet_1715",15
"P4_EvalSet_1716",15
"P4_EvalSet_1717",15
"P4_EvalSet_1718",15
"P4_EvalSet_1719",15
"P4_EvalSet_1720",15
"P4_EvalSet_1721",15
"P4_EvalSet_1722",15
"P4_EvalSet_1723",15
"P4_EvalSet_1724",15
"P4_EvalSet_1725",15
"P4_EvalSet_1726",15
"P4_EvalSet_1728",15
"P4_EvalSet_1729",15
"P4_EvalSet_1730",15
"P4_EvalSet_1731",15
"P4_EvalSet_1732",15
"P4_EvalSet_1733",15
"P4_EvalSet_1736",15
"P4_EvalSet_1738",15
"P4_EvalSet_1739",15
"P4_EvalSet_1741",15
"P4_EvalSet_1742",15
"P4_EvalSet_1743",15
"P4_EvalSet_1744",15
"P4_EvalSet_1745",15
"P4_EvalSet_1746",15
"P4_EvalSet_1747",15
"P4_EvalSet_1748",15
"P4_EvalSet_1749",15
"P4_EvalSet_1750",15
"P4_EvalSet_1752",15
"P4_EvalSet_1754",15
"P4_EvalSet_1755",15
"P4_EvalSet_1756",15
"P4_EvalSet_1757",15
"P4_EvalSet_1759",15
"P4_EvalSet_1760",15
"P4_EvalSet_1761",15
"P4_EvalSet_1763",15
"P4_EvalSet_1765",15
"P4_EvalSet_1766",15
"P4_EvalSet_1767",15
"P4_EvalSet_1768",15
"P4_EvalSet_1770",15
"P4_EvalSet_1771",15
"P4_EvalSet_1773",15
"P4_EvalSet_1774",15
"P4_EvalSet_1775",15
"P4_EvalSet_1776",15
"P4_EvalSet_1778",15
"P4_EvalSet_1779",15
"P4_EvalSet_1781",15
"P4_EvalSet_1782",15
"P4_EvalSet_1783",15
"P4_EvalSet_1784",15
"P4_EvalSet_1785",15
"P4_EvalSet_1787",15
"P4_EvalSet_1788",15
"P4_EvalSet_1789",15
"P4_EvalSet_1790",15
"P4_EvalSet_1792",15
"P4_EvalSet_1793",15
"P4_EvalSet_1794",15
"P4_EvalSet_1795",15
"P4_EvalSet_1796",15
"P4_EvalSet_1798",15
"P4_EvalSet_1799",15
"P4_EvalSet_1800",15
"P4_EvalSet_1801",16
"P4_EvalSet_1802",16
"P4_EvalSet_1803",16
"P4_EvalSet_1804",16
"P4_EvalSet_1805",16
"P4_EvalSet_1806",16
"P4_EvalSet_1807",16
"P4_EvalSet_1808",16
"P4_EvalSet_1809",16
"P4_EvalSet_1810",16
"P4_EvalSet_1811",16
"P4_EvalSet_1812",16
"P4_EvalSet_1813",16
"P4_EvalSet_1815",16
"P4_EvalSet_1816",16
"P4_EvalSet_1818",16
"P4_EvalSet_1819",16
"P4_EvalSet_1820",16
"P4_EvalSet_1822",16
"P4_EvalSet_1824",16
"P4_EvalSet_1825",16
"P4_EvalSet_1826",16
"P4_EvalSet_1827",16
"P4_EvalSet_1828",16
"P4_EvalSet_1829",16
"P4_EvalSet_1830",16
"P4_EvalSet_1831",16
"P4_EvalSet_1832",16
"P4_EvalSet_1833",16
"P4_EvalSet_1834",16
"P4_EvalSet_1835",16
"P4_EvalSet_1838",16
"P4_EvalSet_1839",16
"P4_EvalSet_1840",16
"P4_EvalSet_1841",16
"P4_EvalSet_1842",16
"P4_EvalSet_1844",16
"P4_EvalSet_1845",16
"P4_EvalSet_1846",16
"P4_EvalSet_1848",16
"P4_EvalSet_1849",16
"P4_EvalSet_1850",16
"P4_EvalSet_1851",16
"P4_EvalSet_1852",16
"P4_EvalSet_1853",16
"P4_EvalSet_1854",16
"P4_EvalSet_1855",16
"P4_EvalSet_1857",16
"P4_EvalSet_1862",16
"P4_EvalSet_1863",16
"P4_EvalSet_1864",16
"P4_EvalSet_1866",16
"P4_EvalSet_1868",16
"P4_EvalSet_1870",16
"P4_EvalSet_1871",16
"P4_EvalSet_1873",16
"P4_EvalSet_1874",16
"P4_EvalSet_1875",16
"P4_EvalSet_1877",16
"P4_EvalSet_1878",16
"P4_EvalSet_1880",16
"P4_EvalSet_1881",16
"P4_EvalSet_1882",16
"P4_EvalSet_1883",16
"P4_EvalSet_1884",16
"P4_EvalSet_1886",16
"P4_EvalSet_1888",16
"P4_EvalSet_1889",16
"P4_EvalSet_1890",16
"P4_EvalSet_1891",16
"P4_EvalSet_1892",16
"P4_EvalSet_1893",16
"P4_EvalSet_1894",16
"P4_EvalSet_1896",16
"P4_EvalSet_1897",16
"P4_EvalSet_1898",16
"P4_EvalSet_1899",16
"P4_EvalSet_1900",16
"P4_EvalSet_1901",16
"P4_EvalSet_1902",16
"P4_EvalSet_1903",16
"P4_EvalSet_1904",16
"P4_EvalSet_1905",16
"P4_EvalSet_1906",16
"P4_EvalSet_1907",16
"P4_EvalSet_1908",16
"P4_EvalSet_1909",16
"P4_EvalSet_1910",16
"P4_EvalSet_1911",16
"P4_EvalSet_1912",16
"P4_EvalSet_1914",16
"P4_EvalSet_1915",16
"P4_EvalSet_1917",16
"P4_EvalSet_1918",16
"P4_EvalSet_1919",16
"P4_EvalSet_1922",17
"P4_EvalSet_1924",17
"P4_EvalSet_1925",17
"P4_EvalSet_1927",17
"P4_EvalSet_1928",17
"P4_EvalSet_1929",17
"P4_EvalSet_1930",17
"P4_EvalSet_1931",17
"P4_EvalSet_1932",17
"P4_EvalSet_1933",17
"P4_EvalSet_1934",17
"P4_EvalSet_1935",17
"P4_EvalSet_1937",17
"P4_EvalSet_1938",17
"P4_EvalSet_1939",17
"P4_EvalSet_1940",17
"P4_EvalSet_1941",17
"P4_EvalSet_1942",17
"P4_EvalSet_1944",17
"P4_EvalSet_1946",17
"P4_EvalSet_1947",17
"P4_EvalSet_1948",17
"P4_EvalSet_1949",17
"P4_EvalSet_1951",17
"P4_EvalSet_1952",17
"P4_EvalSet_1953",17
"P4_EvalSet_1954",17
"P4_EvalSet_1955",17
"P4_EvalSet_1956",17
"P4_EvalSet_1958",17
"P4_EvalSet_1959",17
"P4_EvalSet_1961",17
"P4_EvalSet_1962",17
"P4_EvalSet_1965",17
"P4_EvalSet_1966",17
"P4_EvalSet_1967",17
"P4_EvalSet_1970",17
"P4_EvalSet_1971",17
"P4_EvalSet_1972",17
"P4_EvalSet_1973",17
"P4_EvalSet_1975",17
"P4_EvalSet_1976",17
"P4_EvalSet_1977",17
"P4_EvalSet_1978",17
"P4_EvalSet_1979",17
"P4_EvalSet_1980",17
"P4_EvalSet_1981",17
"P4_EvalSet_1982",17
"P4_EvalSet_1983",17
"P4_EvalSet_1984",17
"P4_EvalSet_1985",17
"P4_EvalSet_1987",17
"P4_EvalSet_1990",17
"P4_EvalSet_1991",17
"P4_EvalSet_1992",17
"P4_EvalSet_1993",17
"P4_EvalSet_1994",17
"P4_EvalSet_1995",17
"P4_EvalSet_1996",17
"P4_EvalSet_1998",17
"P4_EvalSet_1999",17
"P4_EvalSet_2000",17
"P4_EvalSet_2002",17
"P4_EvalSet_2005",17
"P4_EvalSet_2006",17
"P4_EvalSet_2007",17
"P4_EvalSet_2008",17
"P4_EvalSet_2011",17
"P4_EvalSet_2012",17
"P4_EvalSet_2014",17
"P4_EvalSet_2015",17
"P4_EvalSet_2016",17
"P4_EvalSet_2017",17
"P4_EvalSet_2018",17
"P4_EvalSet_2020",17
"P4_EvalSet_2022",17
"P4_EvalSet_2023",17
"P4_EvalSet_2024",17
"P4_EvalSet_2025",17
"P4_EvalSet_2028",17
"P4_EvalSet_2029",17
"P4_EvalSet_2031",17
"P4_EvalSet_2032",17
"P4_EvalSet_2033",17
"P4_EvalSet_2034",17
"P4_EvalSet_2035",17
"P4_EvalSet_2036",17
"P4_EvalSet_2037",17
"P4_EvalSet_2038",17
"P4_EvalSet_2039",17
"P4_EvalSet_2040",17
"P4_EvalSet_2041",18
"P4_EvalSet_2042",18
"P4_EvalSet_2043",18
"P4_EvalSet_2044",18
"P4_EvalSet_2045",18
"P4_EvalSet_2046",18
"P4_EvalSet_2047",18
"P4_EvalSet_2048",18
"P4_EvalSet_2049",18
"P4_EvalSet_2050",18
"P4_EvalSet_2051",18
"P4_EvalSet_2052",18
"P4_EvalSet_2053",18
"P4_EvalSet_2054",18
"P4_EvalSet_2055",18
"P4_EvalSet_2056",18
"P4_EvalSet_2057",18
"P4_EvalSet_2058",18
"P4_EvalSet_2059",18
"P4_EvalSet_2060",18
"P4_EvalSet_2061",18
"P4_EvalSet_2062",18
"P4_EvalSet_2063",18
"P4_EvalSet_2064",18
"P4_EvalSet_2067",18
"P4_EvalSet_2070",18
"P4_EvalSet_2071",18
"P4_EvalSet_2072",18
"P4_EvalSet_2073",18
"P4_EvalSet_2074",18
"P4_EvalSet_2076",18
"P4_EvalSet_2077",18
"P4_EvalSet_2078",18
"P4_EvalSet_2081",18
"P4_EvalSet_2082",18
"P4_EvalSet_2083",18
"P4_EvalSet_2084",18
"P4_EvalSet_2086",18
"P4_EvalSet_2087",18
"P4_EvalSet_2088",18
"P4_EvalSet_2089",18
"P4_EvalSet_2091",18
"P4_EvalSet_2092",18
"P4_EvalSet_2093",18
"P4_EvalSet_2094",18
"P4_EvalSet_2095",18
"P4_EvalSet_2096",18
"P4_EvalSet_2099",18
"P4_EvalSet_2100",18
"P4_EvalSet_2101",18
"P4_EvalSet_2102",18
"P4_EvalSet_2103",18
"P4_EvalSet_2104",18
"P4_EvalSet_2105",18
"P4_EvalSet_2106",18
"P4_EvalSet_2107",18
"P4_EvalSet_2108",18
"P4_EvalSet_2109",18
"P4_EvalSet_2110",18
"P4_EvalSet_2111",18
"P4_EvalSet_2112",18
"P4_EvalSet_2114",18
"P4_EvalSet_2115",18
"P4_EvalSet_2118",18
"P4_EvalSet_2119",18
"P4_EvalSet_2120",18
"P4_EvalSet_2121",18
"P4_EvalSet_2122",18
"P4_EvalSet_2123",18
"P4_EvalSet_2124",18
"P4_EvalSet_2125",18
"P4_EvalSet_2126",18
"P4_EvalSet_2127",18
"P4_EvalSet_2130",18
"P4_EvalSet_2131",18
"P4_EvalSet_2132",18
"P4_EvalSet_2133",18
"P4_EvalSet_2134",18
"P4_EvalSet_2135",18
"P4_EvalSet_2136",18
"P4_EvalSet_2139",18
"P4_EvalSet_2141",18
"P4_EvalSet_2142",18
"P4_EvalSet_2143",18
"P4_EvalSet_2144",18
"P4_EvalSet_2145",18
"P4_EvalSet_2146",18
"P4_EvalSet_2147",18
"P4_EvalSet_2148",18
"P4_EvalSet_2150",18
"P4_EvalSet_2151",18
"P4_EvalSet_2152",18
"P4_EvalSet_2153",18
"P4_EvalSet_2154",18
"P4_EvalSet_2155",18
"P4_EvalSet_2156",18
"P4_EvalSet_2158",18
"P4_EvalSet_2159",18
"P4_EvalSet_2160",18
"P4_EvalSet_2161",19
"P4_EvalSet_2162",19
"P4_EvalSet_2163",19
"P4_EvalSet_2166",19
"P4_EvalSet_2167",19
"P4_EvalSet_2168",19
"P4_EvalSet_2170",19
"P4_EvalSet_2171",19
"P4_EvalSet_2172",19
"P4_EvalSet_2173",19
"P4_EvalSet_2174",19
"P4_EvalSet_2176",19
"P4_EvalSet_2177",19
"P4_EvalSet_2178",19
"P4_EvalSet_2179",19
"P4_EvalSet_2181",19
"P4_EvalSet_2182",19
"P4_EvalSet_2183",19
"P4_EvalSet_2184",19
"P4_EvalSet_2185",19
"P4_EvalSet_2186",19
"P4_EvalSet_2187",19
"P4_EvalSet_2188",19
"P4_EvalSet_2189",19
"P4_EvalSet_2190",19
"P4_EvalSet_2191",19
"P4_EvalSet_2192",19
"P4_EvalSet_2193",19
"P4_EvalSet_2195",19
"P4_EvalSet_2196",19
"P4_EvalSet_2197",19
"P4_EvalSet_2199",19
"P4_EvalSet_2200",19
"P4_EvalSet_2201",19
"P4_EvalSet_2203",19
"P4_EvalSet_2204",19
"P4_EvalSet_2205",19
"P4_EvalSet_2206",19
"P4_EvalSet_2207",19
"P4_EvalSet_2208",19
"P4_EvalSet_2209",19
"P4_EvalSet_2210",19
"P4_EvalSet_2211",19
"P4_EvalSet_2212",19
"P4_EvalSet_2213",19
"P4_EvalSet_2214",19
"P4_EvalSet_2215",19
"P4_EvalSet_2216",19
"P4_EvalSet_2218",19
"P4_EvalSet_2221",19
"P4_EvalSet_2222",19
"P4_EvalSet_2223",19
"P4_EvalSet_2224",19
"P4_EvalSet_2228",19
"P4_EvalSet_2229",19
"P4_EvalSet_2230",19
"P4_EvalSet_2232",19
"P4_EvalSet_2233",19
"P4_EvalSet_2235",19
"P4_EvalSet_2236",19
"P4_EvalSet_2237",19
"P4_EvalSet_2238",19
"P4_EvalSet_2240",19
"P4_EvalSet_2241",19
"P4_EvalSet_2242",19
"P4_EvalSet_2243",19
"P4_EvalSet_2244",19
"P4_EvalSet_2245",19
"P4_EvalSet_2246",19
"P4_EvalSet_2247",19
"P4_EvalSet_2248",19
"P4_EvalSet_2249",19
"P4_EvalSet_2251",19
"P4_EvalSet_2253",19
"P4_EvalSet_2256",19
"P4_EvalSet_2257",19
"P4_EvalSet_2259",19
"P4_EvalSet_2260",19
"P4_EvalSet_2261",19
"P4_EvalSet_2262",19
"P4_EvalSet_2264",19
"P4_EvalSet_2265",19
"P4_EvalSet_2266",19
"P4_EvalSet_2267",19
"P4_EvalSet_2268",19
"P4_EvalSet_2269",19
"P4_EvalSet_2270",19
"P4_EvalSet_2271",19
"P4_EvalSet_2273",19
"P4_EvalSet_2274",19
"P4_EvalSet_2275",19
"P4_EvalSet_2276",19
"P4_EvalSet_2277",19
"P4_EvalSet_2278",19
"P4_EvalSet_2279",19
"P4_EvalSet_2280",19
"P4_EvalSet_2281",20
"P4_EvalSet_2283",20
"P4_EvalSet_2284",20
"P4_EvalSet_2285",20
"P4_EvalSet_2287",20
"P4_EvalSet_2288",20
"P4_EvalSet_2289",20
"P4_EvalSet_2290",20
"P4_EvalSet_2291",20
"P4_EvalSet_2292",20
"P4_EvalSet_2294",20
"P4_EvalSet_2296",20
"P4_EvalSet_2297",20
"P4_EvalSet_2298",20
"P4_EvalSet_2303",20
"P4_EvalSet_2304",20
"P4_EvalSet_2305",20
"P4_EvalSet_2306",20
"P4_EvalSet_2307",20
"P4_EvalSet_2308",20
"P4_EvalSet_2309",20
"P4_EvalSet_2310",20
"P4_EvalSet_2312",20
"P4_EvalSet_2313",20
"P4_EvalSet_2315",20
"P4_EvalSet_2316",20
"P4_EvalSet_2317",20
"P4_EvalSet_2318",20
"P4_EvalSet_2319",20
"P4_EvalSet_2320",20
"P4_EvalSet_2321",20
"P4_EvalSet_2322",20
"P4_EvalSet_2323",20
"P4_EvalSet_2324",20
"P4_EvalSet_2325",20
"P4_EvalSet_2326",20
"P4_EvalSet_2328",20
"P4_EvalSet_2330",20
"P4_EvalSet_2333",20
"P4_EvalSet_2335",20
"P4_EvalSet_2336",20
"P4_EvalSet_2337",20
"P4_EvalSet_2338",20
"P4_EvalSet_2339",20
"P4_EvalSet_2340",20
"P4_EvalSet_2341",20
"P4_EvalSet_2342",20
"P4_EvalSet_2343",20
"P4_EvalSet_2345",20
"P4_EvalSet_2346",20
"P4_EvalSet_2347",20
"P4_EvalSet_2348",20
"P4_EvalSet_2350",20
"P4_EvalSet_2351",20
"P4_EvalSet_2352",20
"P4_EvalSet_2353",20
"P4_EvalSet_2354",20
"P4_EvalSet_2355",20
"P4_EvalSet_2356",20
"P4_EvalSet_2357",20
"P4_EvalSet_2358",20
"P4_EvalSet_2359",20
"P4_EvalSet_2361",20
"P4_EvalSet_2362",20
"P4_EvalSet_2363",20
"P4_EvalSet_2364",20
"P4_EvalSet_2365",20
"P4_EvalSet_2366",20
"P4_EvalSet_2368",20
"P4_EvalSet_2369",20
"P4_EvalSet_2371",20
"P4_EvalSet_2372",20
"P4_EvalSet_2373",20
"P4_EvalSet_2375",20
"P4_EvalSet_2376",20
"P4_EvalSet_2377",20
"P4_EvalSet_2378",20
"P4_EvalSet_2379",20
"P4_EvalSet_2380",20
"P4_EvalSet_2382",20
"P4_EvalSet_2383",20
"P4_EvalSet_2385",20
"P4_EvalSet_2386",20
"P4_EvalSet_2387",20
"P4_EvalSet_2389",20
"P4_EvalSet_2390",20
"P4_EvalSet_2391",20
"P4_EvalSet_2392",20
"P4_EvalSet_2393",20
"P4_EvalSet_2394",20
"P4_EvalSet_2396",20
"P4_EvalSet_2397",20
"P4_EvalSet_2398",20
"P4_EvalSet_2399",20
"P4_EvalSet_2400",20
"P4_EvalSet_2401",21
"P4_EvalSet_2402",21
"P4_EvalSet_2404",21
"P4_EvalSet_2408",21
"P4_EvalSet_2409",21
"P4_EvalSet_2410",21
"P4_EvalSet_2411",21
"P4_EvalSet_2412",21
"P4_EvalSet_2413",21
"P4_EvalSet_2416",21
"P4_EvalSet_2417",21
"P4_EvalSet_2418",21
"P4_EvalSet_2419",21
"P4_EvalSet_2420",21
"P4_EvalSet_2421",21
"P4_EvalSet_2423",21
"P4_EvalSet_2424",21
"P4_EvalSet_2425",21
"P4_EvalSet_2426",21
"P4_EvalSet_2427",21
"P4_EvalSet_2428",21
"P4_EvalSet_2429",21
"P4_EvalSet_2430",21
"P4_EvalSet_2431",21
"P4_EvalSet_2432",21
"P4_EvalSet_2433",21
"P4_EvalSet_2434",21
"P4_EvalSet_2435",21
"P4_EvalSet_2436",21
"P4_EvalSet_2437",21
"P4_EvalSet_2438",21
"P4_EvalSet_2439",21
"P4_EvalSet_2440",21
"P4_EvalSet_2441",21
"P4_EvalSet_2442",21
"P4_EvalSet_2443",21
"P4_EvalSet_2446",21
"P4_EvalSet_2448",21
"P4_EvalSet_2449",21
"P4_EvalSet_2450",21
"P4_EvalSet_2451",21
"P4_EvalSet_2452",21
"P4_EvalSet_2453",21
"P4_EvalSet_2454",21
"P4_EvalSet_2455",21
"P4_EvalSet_2456",21
"P4_EvalSet_2457",21
"P4_EvalSet_2458",21
"P4_EvalSet_2459",21
"P4_EvalSet_2460",21
"P4_EvalSet_2461",21
"P4_EvalSet_2462",21
"P4_EvalSet_2463",21
"P4_EvalSet_2464",21
"P4_EvalSet_2465",21
"P4_EvalSet_2466",21
"P4_EvalSet_2467",21
"P4_EvalSet_2468",21
"P4_EvalSet_2470",21
"P4_EvalSet_2471",21
"P4_EvalSet_2472",21
"P4_EvalSet_2473",21
"P4_EvalSet_2474",21
"P4_EvalSet_2476",21
"P4_EvalSet_2477",21
"P4_EvalSet_2478",21
"P4_EvalSet_2479",21
"P4_EvalSet_2480",21
"P4_EvalSet_2481",21
"P4_EvalSet_2482",21
"P4_EvalSet_2483",21
"P4_EvalSet_2484",21
"P4_EvalSet_2487",21
"P4_EvalSet_2488",21
"P4_EvalSet_2489",21
"P4_EvalSet_2490",21
"P4_EvalSet_2491",21
"P4_EvalSet_2492",21
"P4_EvalSet_2494",21
"P4_EvalSet_2495",21
"P4_EvalSet_2497",21
"P4_EvalSet_2499",21
"P4_EvalSet_2500",21
"P4_EvalSet_2501",21
"P4_EvalSet_2502",21
"P4_EvalSet_2503",21
"P4_EvalSet_2505",21
"P4_EvalSet_2506",21
"P4_EvalSet_2507",21
"P4_EvalSet_2508",21
"P4_EvalSet_2509",21
"P4_EvalSet_2511",21
"P4_EvalSet_2512",21
"P4_EvalSet_2513",21
"P4_EvalSet_2515",21
"P4_EvalSet_2516",21
"P4_EvalSet_2517",21
"P4_EvalSet_2518",21
"P4_EvalSet_2520",21
"P4_EvalSet_2522",22
"P4_EvalSet_2523",22
"P4_EvalSet_2524",22
"P4_EvalSet_2525",22
"P4_EvalSet_2526",22
"P4_EvalSet_2527",22
"P4_EvalSet_2528",22
"P4_EvalSet_2532",22
"P4_EvalSet_2533",22
"P4_EvalSet_2534",22
"P4_EvalSet_2535",22
"P4_EvalSet_2537",22
"P4_EvalSet_2538",22
"P4_EvalSet_2539",22
"P4_EvalSet_2540",22
"P4_EvalSet_2541",22
"P4_EvalSet_2542",22
"P4_EvalSet_2543",22
"P4_EvalSet_2544",22
"P4_EvalSet_2545",22
"P4_EvalSet_2546",22
"P4_EvalSet_2547",22
"P4_EvalSet_2549",22
"P4_EvalSet_2551",22
"P4_EvalSet_2553",22
"P4_EvalSet_2554",22
"P4_EvalSet_2556",22
"P4_EvalSet_2557",22
"P4_EvalSet_2558",22
"P4_EvalSet_2559",22
"P4_EvalSet_2560",22
"P4_EvalSet_2561",22
"P4_EvalSet_2562",22
"P4_EvalSet_2563",22
"P4_EvalSet_2564",22
"P4_EvalSet_2565",22
"P4_EvalSet_2566",22
"P4_EvalSet_2568",22
"P4_EvalSet_2569",22
"P4_EvalSet_2570",22
"P4_EvalSet_2572",22
"P4_EvalSet_2573",22
"P4_EvalSet_2574",22
"P4_EvalSet_2576",22
"P4_EvalSet_2577",22
"P4_EvalSet_2578",22
"P4_EvalSet_2579",22
"P4_EvalSet_2580",22
"P4_EvalSet_2581",22
"P4_EvalSet_2582",22
"P4_EvalSet_2583",22
"P4_EvalSet_2584",22
"P4_EvalSet_2586",22
"P4_EvalSet_2587",22
"P4_EvalSet_2588",22
"P4_EvalSet_2589",22
"P4_EvalSet_2590",22
"P4_EvalSet_2591",22
"P4_EvalSet_2592",22
"P4_EvalSet_2594",22
"P4_EvalSet_2596",22
"P4_EvalSet_2597",22
"P4_EvalSet_2598",22
"P4_EvalSet_2599",22
"P4_EvalSet_2600",22
"P4_EvalSet_2601",22
"P4_EvalSet_2602",22
"P4_EvalSet_2603",22
"P4_EvalSet_2605",22
"P4_EvalSet_2606",22
"P4_EvalSet_2608",22
"P4_EvalSet_2610",22
"P4_EvalSet_2611",22
"P4_EvalSet_2612",22
"P4_EvalSet_2613",22
"P4_EvalSet_2614",22
"P4_EvalSet_2615",22
"P4_EvalSet_2616",22
"P4_EvalSet_2617",22
"P4_EvalSet_2618",22
"P4_EvalSet_2619",22
"P4_EvalSet_2621",22
"P4_EvalSet_2622",22
"P4_EvalSet_2623",22
"P4_EvalSet_2624",22
"P4_EvalSet_2625",22
"P4_EvalSet_2627",22
"P4_EvalSet_2628",22
"P4_EvalSet_2629",22
"P4_EvalSet_2630",22
"P4_EvalSet_2633",22
"P4_EvalSet_2634",22
"P4_EvalSet_2635",22
"P4_EvalSet_2637",22
"P4_EvalSet_2638",22
"P4_EvalSet_2639",22
"P4_EvalSet_2640",22
"P4_EvalSet_2641",23
"P4_EvalSet_2642",23
"P4_EvalSet_2643",23
"P4_EvalSet_2644",23
"P4_EvalSet_2645",23
"P4_EvalSet_2646",23
"P4_EvalSet_2647",23
"P4_EvalSet_2648",23
"P4_EvalSet_2649",23
"P4_EvalSet_2650",23
"P4_EvalSet_2652",23
"P4_EvalSet_2653",23
"P4_EvalSet_2655",23
"P4_EvalSet_2656",23
"P4_EvalSet_2658",23
"P4_EvalSet_2659",23
"P4_EvalSet_2660",23
"P4_EvalSet_2661",23
"P4_EvalSet_2663",23
"P4_EvalSet_2664",23
"P4_EvalSet_2665",23
"P4_EvalSet_2667",23
"P4_EvalSet_2669",23
"P4_EvalSet_2670",23
"P4_EvalSet_2671",23
"P4_EvalSet_2672",23
"P4_EvalSet_2674",23
"P4_EvalSet_2675",23
"P4_EvalSet_2676",23
"P4_EvalSet_2677",23
"P4_EvalSet_2678",23
"P4_EvalSet_2679",23
"P4_EvalSet_2681",23
"P4_EvalSet_2682",23
"P4_EvalSet_2683",23
"P4_EvalSet_2684",23
"P4_EvalSet_2685",23
"P4_EvalSet_2686",23
"P4_EvalSet_2687",23
"P4_EvalSet_2689",23
"P4_EvalSet_2691",23
"P4_EvalSet_2693",23
"P4_EvalSet_2694",23
"P4_EvalSet_2695",23
"P4_EvalSet_2696",23
"P4_EvalSet_2697",23
"P4_EvalSet_2698",23
"P4_EvalSet_2699",23
"P4_EvalSet_2700",23
"P4_EvalSet_2701",23
"P4_EvalSet_2703",23
"P4_EvalSet_2704",23
"P4_EvalSet_2706",23
"P4_EvalSet_2709",23
"P4_EvalSet_2710",23
"P4_EvalSet_2711",23
"P4_EvalSet_2713",23
"P4_EvalSet_2714",23
"P4_EvalSet_2715",23
"P4_EvalSet_2717",23
"P4_EvalSet_2718",23
"P4_EvalSet_2719",23
"P4_EvalSet_2720",23
"P4_EvalSet_2722",23
"P4_EvalSet_2724",23
"P4_EvalSet_2725",23
"P4_EvalSet_2726",23
"P4_EvalSet_2727",23
"P4_EvalSet_2728",23
"P4_EvalSet_2729",23
"P4_EvalSet_2731",23
"P4_EvalSet_2732",23
"P4_EvalSet_2733",23
"P4_EvalSet_2734",23
"P4_EvalSet_2735",23
"P4_EvalSet_2736",23
"P4_EvalSet_2737",23
"P4_EvalSet_2739",23
"P4_EvalSet_2740",23
"P4_EvalSet_2741",23
"P4_EvalSet_2742",23
"P4_EvalSet_2743",23
"P4_EvalSet_2744",23
"P4_EvalSet_2745",23
"P4_EvalSet_2746",23
"P4_EvalSet_2747",23
"P4_EvalSet_2748",23
"P4_EvalSet_2749",23
"P4_EvalSet_2750",23
"P4_EvalSet_2751",23
"P4_EvalSet_2752",23
"P4_EvalSet_2753",23
"P4_EvalSet_2754",23
"P4_EvalSet_2756",23
"P4_EvalSet_2757",23
"P4_EvalSet_2758",23
"P4_EvalSet_2759",23
"P4_EvalSet_2760",23
"P4_EvalSet_2762",24
"P4_EvalSet_2764",24
"P4_EvalSet_2765",24
"P4_EvalSet_2767",24
"P4_EvalSet_2768",24
"P4_EvalSet_2769",24
"P4_EvalSet_2770",24
"P4_EvalSet_2771",24
"P4_EvalSet_2772",24
"P4_EvalSet_2773",24
"P4_EvalSet_2774",24
"P4_EvalSet_2775",24
"P4_EvalSet_2776",24
"P4_EvalSet_2777",24
"P4_EvalSet_2778",24
"P4_EvalSet_2780",24
"P4_EvalSet_2781",24
"P4_EvalSet_2784",24
"P4_EvalSet_2785",24
"P4_EvalSet_2787",24
"P4_EvalSet_2789",24
"P4_EvalSet_2790",24
"P4_EvalSet_2791",24
"P4_EvalSet_2792",24
"P4_EvalSet_2793",24
"P4_EvalSet_2794",24
"P4_EvalSet_2795",24
"P4_EvalSet_2796",24
"P4_EvalSet_2797",24
"P4_EvalSet_2799",24
"P4_EvalSet_2800",24
"P4_EvalSet_2801",24
"P4_EvalSet_2802",24
"P4_EvalSet_2804",24
"P4_EvalSet_2806",24
"P4_EvalSet_2807",24
"P4_EvalSet_2808",24
"P4_EvalSet_2809",24
"P4_EvalSet_2810",24
"P4_EvalSet_2811",24
"P4_EvalSet_2812",24
"P4_EvalSet_2813",24
"P4_EvalSet_2815",24
"P4_EvalSet_2816",24
"P4_EvalSet_2817",24
"P4_EvalSet_2819",24
"P4_EvalSet_2820",24
"P4_EvalSet_2821",24
"P4_EvalSet_2822",24
"P4_EvalSet_2824",24
"P4_EvalSet_2826",24
"P4_EvalSet_2827",24
"P4_EvalSet_2828",24
"P4_EvalSet_2829",24
"P4_EvalSet_2831",24
"P4_EvalSet_2834",24
"P4_EvalSet_2835",24
"P4_EvalSet_2836",24
"P4_EvalSet_2837",24
"P4_EvalSet_2839",24
"P4_EvalSet_2841",24
"P4_EvalSet_2842",24
"P4_EvalSet_2844",24
"P4_EvalSet_2845",24
"P4_EvalSet_2846",24
"P4_EvalSet_2847",24
"P4_EvalSet_2848",24
"P4_EvalSet_2849",24
"P4_EvalSet_2850",24
"P4_EvalSet_2851",24
"P4_EvalSet_2852",24
"P4_EvalSet_2853",24
"P4_EvalSet_2854",24
"P4_EvalSet_2855",24
"P4_EvalSet_2856",24
"P4_EvalSet_2857",24
"P4_EvalSet_2858",24
"P4_EvalSet_2859",24
"P4_EvalSet_2860",24
"P4_EvalSet_2861",24
"P4_EvalSet_2863",24
"P4_EvalSet_2864",24
"P4_EvalSet_2865",24
"P4_EvalSet_2866",24
"P4_EvalSet_2867",24
"P4_EvalSet_2870",24
"P4_EvalSet_2871",24
"P4_EvalSet_2873",24
"P4_EvalSet_2874",24
"P4_EvalSet_2875",24
"P4_EvalSet_2876",24
"P4_EvalSet_2878",24
"P4_EvalSet_2879",24
"P4_EvalSet_2880",24
"P4_EvalSet_2881",25
"P4_EvalSet_2883",25
"P4_EvalSet_2884",25
"P4_EvalSet_2885",25
"P4_EvalSet_2886",25
"P4_EvalSet_2887",25
"P4_EvalSet_2888",25
"P4_EvalSet_2889",25
"P4_EvalSet_2890",25
"P4_EvalSet_2891",25
"P4_EvalSet_2892",25
"P4_EvalSet_2895",25
"P4_EvalSet_2897",25
"P4_EvalSet_2899",25
"P4_EvalSet_2900",25
"P4_EvalSet_2902",25
"P4_EvalSet_2903",25
"P4_EvalSet_2905",25
"P4_EvalSet_2906",25
"P4_EvalSet_2910",25
"P4_EvalSet_2911",25
"P4_EvalSet_2912",25
"P4_EvalSet_2913",25
"P4_EvalSet_2914",25
"P4_EvalSet_2916",25
"P4_EvalSet_2917",25
"P4_EvalSet_2918",25
"P4_EvalSet_2919",25
"P4_EvalSet_2920",25
"P4_EvalSet_2921",25
"P4_EvalSet_2922",25
"P4_EvalSet_2923",25
"P4_EvalSet_2924",25
"P4_EvalSet_2925",25
"P4_EvalSet_2926",25
"P4_EvalSet_2927",25
"P4_EvalSet_2929",25
"P4_EvalSet_2933",25
"P4_EvalSet_2934",25
"P4_EvalSet_2936",25
"P4_EvalSet_2938",25
"P4_EvalSet_2939",25
"P4_EvalSet_2940",25
"P4_EvalSet_2941",25
"P4_EvalSet_2942",25
"P4_EvalSet_2943",25
"P4_EvalSet_2944",25
"P4_EvalSet_2945",25
"P4_EvalSet_2948",25
"P4_EvalSet_2950",25
"P4_EvalSet_2951",25
"P4_EvalSet_2952",25
"P4_EvalSet_2953",25
"P4_EvalSet_2954",25
"P4_EvalSet_2955",25
"P4_EvalSet_2956",25
"P4_EvalSet_2957",25
"P4_EvalSet_2958",25
"P4_EvalSet_2960",25
"P4_EvalSet_2961",25
"P4_EvalSet_2963",25
"P4_EvalSet_2964",25
"P4_EvalSet_2965",25
"P4_EvalSet_2966",25
"P4_EvalSet_2967",25
"P4_EvalSet_2971",25
"P4_EvalSet_2972",25
"P4_EvalSet_2974",25
"P4_EvalSet_2975",25
"P4_EvalSet_2976",25
"P4_EvalSet_2977",25
"P4_EvalSet_2978",25
"P4_EvalSet_2979",25
"P4_EvalSet_2980",25
"P4_EvalSet_2981",25
"P4_EvalSet_2982",25
"P4_EvalSet_2983",25
"P4_EvalSet_2984",25
"P4_EvalSet_2985",25
"P4_EvalSet_2988",25
"P4_EvalSet_2990",25
"P4_EvalSet_2991",25
"P4_EvalSet_2992",25
"P4_EvalSet_2993",25
"P4_EvalSet_2994",25
"P4_EvalSet_2995",25
"P4_EvalSet_2997",25
"P4_EvalSet_2999",25
"P4_EvalSet_3000",25
"P4_EvalSet_5",1
"P4_EvalSet_10",1
"P4_EvalSet_19",1
"P4_EvalSet_20",1
"P4_EvalSet_25",1
"P4_EvalSet_27",1
"P4_EvalSet_32",1
"P4_EvalSet_34",1
"P4_EvalSet_37",1
"P4_EvalSet_39",1
"P4_EvalSet_45",1
"P4_EvalSet_49",1
"P4_EvalSet_57",1
"P4_EvalSet_59",1
"P4_EvalSet_60",1
"P4_EvalSet_67",1
"P4_EvalSet_71",1
"P4_EvalSet_77",1
"P4_EvalSet_81",1
"P4_EvalSet_86",1
"P4_EvalSet_92",1
"P4_EvalSet_97",1
"P4_EvalSet_100",1
"P4_EvalSet_107",1
"P4_EvalSet_114",1
"P4_EvalSet_116",1
"P4_EvalSet_118",1
"P4_EvalSet_122",2
"P4_EvalSet_125",2
"P4_EvalSet_127",2
"P4_EvalSet_131",2
"P4_EvalSet_132",2
"P4_EvalSet_133",2
"P4_EvalSet_137",2
"P4_EvalSet_138",2
"P4_EvalSet_145",2
"P4_EvalSet_146",2
"P4_EvalSet_147",2
"P4_EvalSet_149",2
"P4_EvalSet_155",2
"P4_EvalSet_156",2
"P4_EvalSet_157",2
"P4_EvalSet_160",2
"P4_EvalSet_167",2
"P4_EvalSet_169",2
"P4_EvalSet_184",2
"P4_EvalSet_191",2
"P4_EvalSet_203",2
"P4_EvalSet_204",2
"P4_EvalSet_207",2
"P4_EvalSet_211",2
"P4_EvalSet_214",2
"P4_EvalSet_221",2
"P4_EvalSet_227",2
"P4_EvalSet_228",2
"P4_EvalSet_232",2
"P4_EvalSet_243",3
"P4_EvalSet_247",3
"P4_EvalSet_255",3
"P4_EvalSet_258",3
"P4_EvalSet_264",3
"P4_EvalSet_267",3
"P4_EvalSet_272",3
"P4_EvalSet_273",3
"P4_EvalSet_276",3
"P4_EvalSet_278",3
"P4_EvalSet_279",3
"P4_EvalSet_281",3
"P4_EvalSet_283",3
"P4_EvalSet_291",3
"P4_EvalSet_295",3
"P4_EvalSet_301",3
"P4_EvalSet_304",3
"P4_EvalSet_307",3
"P4_EvalSet_313",3
"P4_EvalSet_316",3
"P4_EvalSet_318",3
"P4_EvalSet_320",3
"P4_EvalSet_328",3
"P4_EvalSet_334",3
"P4_EvalSet_341",3
"P4_EvalSet_342",3
"P4_EvalSet_343",3
"P4_EvalSet_349",3
"P4_EvalSet_350",3
"P4_EvalSet_351",3
"P4_EvalSet_354",3
"P4_EvalSet_355",3
"P4_EvalSet_358",3
"P4_EvalSet_359",3
"P4_EvalSet_361",4
"P4_EvalSet_366",4
"P4_EvalSet_379",4
"P4_EvalSet_381",4
"P4_EvalSet_385",4
"P4_EvalSet_387",4
"P4_EvalSet_401",4
"P4_EvalSet_408",4
"P4_EvalSet_414",4
"P4_EvalSet_418",4
"P4_EvalSet_419",4
"P4_EvalSet_425",4
"P4_EvalSet_426",4
"P4_EvalSet_429",4
"P4_EvalSet_435",4
"P4_EvalSet_437",4
"P4_EvalSet_442",4
"P4_EvalSet_453",4
"P4_EvalSet_455",4
"P4_EvalSet_456",4
"P4_EvalSet_468",4
"P4_EvalSet_472",4
"P4_EvalSet_484",5
"P4_EvalSet_486",5
"P4_EvalSet_487",5
"P4_EvalSet_500",5
"P4_EvalSet_508",5
"P4_EvalSet_512",5
"P4_EvalSet_523",5
"P4_EvalSet_537",5
"P4_EvalSet_542",5
"P4_EvalSet_546",5
"P4_EvalSet_549",5
"P4_EvalSet_550",5
"P4_EvalSet_555",5
"P4_EvalSet_556",5
"P4_EvalSet_560",5
"P4_EvalSet_563",5
"P4_EvalSet_571",5
"P4_EvalSet_579",5
"P4_EvalSet_586",5
"P4_EvalSet_594",5
"P4_EvalSet_597",5
"P4_EvalSet_598",5
"P4_EvalSet_600",5
"P4_EvalSet_606",6
"P4_EvalSet_609",6
"P4_EvalSet_616",6
"P4_EvalSet_617",6
"P4_EvalSet_621",6
"P4_EvalSet_626",6
"P4_EvalSet_628",6
"P4_EvalSet_629",6
"P4_EvalSet_631",6
"P4_EvalSet_635",6
"P4_EvalSet_648",6
"P4_EvalSet_652",6
"P4_EvalSet_656",6
"P4_EvalSet_678",6
"P4_EvalSet_685",6
"P4_EvalSet_691",6
"P4_EvalSet_694",6
"P4_EvalSet_695",6
"P4_EvalSet_696",6
"P4_EvalSet_699",6
"P4_EvalSet_700",6
"P4_EvalSet_706",6
"P4_EvalSet_714",6
"P4_EvalSet_715",6
"P4_EvalSet_727",7
"P4_EvalSet_736",7
"P4_EvalSet_737",7
"P4_EvalSet_745",7
"P4_EvalSet_749",7
"P4_EvalSet_751",7
"P4_EvalSet_752",7
"P4_EvalSet_755",7
"P4_EvalSet_758",7
"P4_EvalSet_761",7
"P4_EvalSet_765",7
"P4_EvalSet_770",7
"P4_EvalSet_771",7
"P4_EvalSet_773",7
"P4_EvalSet_775",7
"P4_EvalSet_788",7
"P4_EvalSet_789",7
"P4_EvalSet_797",7
"P4_EvalSet_800",7
"P4_EvalSet_802",7
"P4_EvalSet_803",7
"P4_EvalSet_806",7
"P4_EvalSet_807",7
"P4_EvalSet_811",7
"P4_EvalSet_814",7
"P4_EvalSet_815",7
"P4_EvalSet_819",7
"P4_EvalSet_822",7
"P4_EvalSet_826",7
"P4_EvalSet_828",7
"P4_EvalSet_832",7
"P4_EvalSet_841",8
"P4_EvalSet_848",8
"P4_EvalSet_860",8
"P4_EvalSet_866",8
"P4_EvalSet_873",8
"P4_EvalSet_875",8
"P4_EvalSet_882",8
"P4_EvalSet_883",8
"P4_EvalSet_886",8
"P4_EvalSet_898",8
"P4_EvalSet_905",8
"P4_EvalSet_910",8
"P4_EvalSet_912",8
"P4_EvalSet_913",8
"P4_EvalSet_916",8
"P4_EvalSet_921",8
"P4_EvalSet_923",8
"P4_EvalSet_927",8
"P4_EvalSet_940",8
"P4_EvalSet_943",8
"P4_EvalSet_947",8
"P4_EvalSet_956",8
"P4_EvalSet_958",8
"P4_EvalSet_961",9
"P4_EvalSet_964",9
"P4_EvalSet_971",9
"P4_EvalSet_974",9
"P4_EvalSet_975",9
"P4_EvalSet_977",9
"P4_EvalSet_979",9
"P4_EvalSet_984",9
"P4_EvalSet_986",9
"P4_EvalSet_992",9
"P4_EvalSet_998",9
"P4_EvalSet_1001",9
"P4_EvalSet_1006",9
"P4_EvalSet_1012",9
"P4_EvalSet_1024",9
"P4_EvalSet_1026",9
"P4_EvalSet_1030",9
"P4_EvalSet_1032",9
"P4_EvalSet_1047",9
"P4_EvalSet_1052",9
"P4_EvalSet_1060",9
"P4_EvalSet_1072",9
"P4_EvalSet_1073",9
"P4_EvalSet_1075",9
"P4_EvalSet_1076",9
"P4_EvalSet_1078",9
"P4_EvalSet_1089",10
"P4_EvalSet_1090",10
"P4_EvalSet_1092",10
"P4_EvalSet_1096",10
"P4_EvalSet_1097",10
"P4_EvalSet_1105",10
"P4_EvalSet_1112",10
"P4_EvalSet_1121",10
"P4_EvalSet_1126",10
"P4_EvalSet_1128",10
"P4_EvalSet_1133",10
"P4_EvalSet_1135",10
"P4_EvalSet_1138",10
"P4_EvalSet_1139",10
"P4_EvalSet_1140",10
"P4_EvalSet_1143",10
"P4_EvalSet_1145",10
"P4_EvalSet_1148",10
"P4_EvalSet_1149",10
"P4_EvalSet_1150",10
"P4_EvalSet_1156",10
"P4_EvalSet_1164",10
"P4_EvalSet_1168",10
"P4_EvalSet_1170",10
"P4_EvalSet_1174",10
"P4_EvalSet_1178",10
"P4_EvalSet_1179",10
"P4_EvalSet_1184",10
"P4_EvalSet_1188",10
"P4_EvalSet_1195",10
"P4_EvalSet_1199",10
"P4_EvalSet_1200",10
"P4_EvalSet_1206",11
"P4_EvalSet_1210",11
"P4_EvalSet_1211",11
"P4_EvalSet_1213",11
"P4_EvalSet_1218",11
"P4_EvalSet_1231",11
"P4_EvalSet_1243",11
"P4_EvalSet_1245",11
"P4_EvalSet_1247",11
"P4_EvalSet_1253",11
"P4_EvalSet_1273",11
"P4_EvalSet_1274",11
"P4_EvalSet_1277",11
"P4_EvalSet_1280",11
"P4_EvalSet_1284",11
"P4_EvalSet_1290",11
"P4_EvalSet_1293",11
"P4_EvalSet_1295",11
"P4_EvalSet_1296",11
"P4_EvalSet_1298",11
"P4_EvalSet_1305",11
"P4_EvalSet_1307",11
"P4_EvalSet_1308",11
"P4_EvalSet_1309",11
"P4_EvalSet_1328",12
"P4_EvalSet_1329",12
"P4_EvalSet_1334",12
"P4_EvalSet_1355",12
"P4_EvalSet_1357",12
"P4_EvalSet_1359",12
"P4_EvalSet_1368",12
"P4_EvalSet_1370",12
"P4_EvalSet_1371",12
"P4_EvalSet_1373",12
"P4_EvalSet_1377",12
"P4_EvalSet_1378",12
"P4_EvalSet_1379",12
"P4_EvalSet_1393",12
"P4_EvalSet_1394",12
"P4_EvalSet_1397",12
"P4_EvalSet_1398",12
"P4_EvalSet_1401",12
"P4_EvalSet_1407",12
"P4_EvalSet_1414",12
"P4_EvalSet_1417",12
"P4_EvalSet_1418",12
"P4_EvalSet_1421",12
"P4_EvalSet_1444",13
"P4_EvalSet_1445",13
"P4_EvalSet_1450",13
"P4_EvalSet_1454",13
"P4_EvalSet_1456",13
"P4_EvalSet_1458",13
"P4_EvalSet_1461",13
"P4_EvalSet_1470",13
"P4_EvalSet_1471",13
"P4_EvalSet_1476",13
"P4_EvalSet_1477",13
"P4_EvalSet_1478",13
"P4_EvalSet_1480",13
"P4_EvalSet_1481",13
"P4_EvalSet_1482",13
"P4_EvalSet_1488",13
"P4_EvalSet_1489",13
"P4_EvalSet_1491",13
"P4_EvalSet_1499",13
"P4_EvalSet_1502",13
"P4_EvalSet_1505",13
"P4_EvalSet_1506",13
"P4_EvalSet_1512",13
"P4_EvalSet_1528",13
"P4_EvalSet_1532",13
"P4_EvalSet_1536",13
"P4_EvalSet_1539",13
"P4_EvalSet_1541",13
"P4_EvalSet_1548",13
"P4_EvalSet_1550",13
"P4_EvalSet_1552",13
"P4_EvalSet_1564",14
"P4_EvalSet_1565",14
"P4_EvalSet_1577",14
"P4_EvalSet_1583",14
"P4_EvalSet_1588",14
"P4_EvalSet_1598",14
"P4_EvalSet_1600",14
"P4_EvalSet_1604",14
"P4_EvalSet_1605",14
"P4_EvalSet_1607",14
"P4_EvalSet_1610",14
"P4_EvalSet_1618",14
"P4_EvalSet_1624",14
"P4_EvalSet_1625",14
"P4_EvalSet_1628",14
"P4_EvalSet_1645",14
"P4_EvalSet_1646",14
"P4_EvalSet_1648",14
"P4_EvalSet_1650",14
"P4_EvalSet_1654",14
"P4_EvalSet_1657",14
"P4_EvalSet_1658",14
"P4_EvalSet_1662",14
"P4_EvalSet_1663",14
"P4_EvalSet_1669",14
"P4_EvalSet_1677",14
"P4_EvalSet_1688",15
"P4_EvalSet_1689",15
"P4_EvalSet_1701",15
"P4_EvalSet_1703",15
"P4_EvalSet_1727",15
"P4_EvalSet_1734",15
"P4_EvalSet_1735",15
"P4_EvalSet_1737",15
"P4_EvalSet_1740",15
"P4_EvalSet_1751",15
"P4_EvalSet_1753",15
"P4_EvalSet_1758",15
"P4_EvalSet_1762",15
"P4_EvalSet_1764",15
"P4_EvalSet_1769",15
"P4_EvalSet_1772",15
"P4_EvalSet_1777",15
"P4_EvalSet_1780",15
"P4_EvalSet_1786",15
"P4_EvalSet_1791",15
"P4_EvalSet_1797",15
"P4_EvalSet_1814",16
"P4_EvalSet_1817",16
"P4_EvalSet_1821",16
"P4_EvalSet_1823",16
"P4_EvalSet_1836",16
"P4_EvalSet_1837",16
"P4_EvalSet_1843",16
"P4_EvalSet_1847",16
"P4_EvalSet_1856",16
"P4_EvalSet_1858",16
"P4_EvalSet_1859",16
"P4_EvalSet_1860",16
"P4_EvalSet_1861",16
"P4_EvalSet_1865",16
"P4_EvalSet_1867",16
"P4_EvalSet_1869",16
"P4_EvalSet_1872",16
"P4_EvalSet_1876",16
"P4_EvalSet_1879",16
"P4_EvalSet_1885",16
"P4_EvalSet_1887",16
"P4_EvalSet_1895",16
"P4_EvalSet_1913",16
"P4_EvalSet_1916",16
"P4_EvalSet_1920",16
"P4_EvalSet_1921",17
"P4_EvalSet_1923",17
"P4_EvalSet_1926",17
"P4_EvalSet_1936",17
"P4_EvalSet_1943",17
"P4_EvalSet_1945",17
"P4_EvalSet_1950",17
"P4_EvalSet_1957",17
"P4_EvalSet_1960",17
"P4_EvalSet_1963",17
"P4_EvalSet_1964",17
"P4_EvalSet_1968",17
"P4_EvalSet_1969",17
"P4_EvalSet_1974",17
"P4_EvalSet_1986",17
"P4_EvalSet_1988",17
"P4_EvalSet_1989",17
"P4_EvalSet_1997",17
"P4_EvalSet_2001",17
"P4_EvalSet_2003",17
"P4_EvalSet_2004",17
"P4_EvalSet_2009",17
"P4_EvalSet_2010",17
"P4_EvalSet_2013",17
"P4_EvalSet_2019",17
"P4_EvalSet_2021",17
"P4_EvalSet_2026",17
"P4_EvalSet_2027",17
"P4_EvalSet_2030",17
"P4_EvalSet_2065",18
"P4_EvalSet_2066",18
"P4_EvalSet_2068",18
"P4_EvalSet_2069",18
"P4_EvalSet_2075",18
"P4_EvalSet_2079",18
"P4_EvalSet_2080",18
"P4_EvalSet_2085",18
"P4_EvalSet_2090",18
"P4_EvalSet_2097",18
"P4_EvalSet_2098",18
"P4_EvalSet_2113",18
"P4_EvalSet_2116",18
"P4_EvalSet_2117",18
"P4_EvalSet_2128",18
"P4_EvalSet_2129",18
"P4_EvalSet_2137",18
"P4_EvalSet_2138",18
"P4_EvalSet_2140",18
"P4_EvalSet_2149",18
"P4_EvalSet_2157",18
"P4_EvalSet_2164",19
"P4_EvalSet_2165",19
"P4_EvalSet_2169",19
"P4_EvalSet_2175",19
"P4_EvalSet_2180",19
"P4_EvalSet_2194",19
"P4_EvalSet_2198",19
"P4_EvalSet_2202",19
"P4_EvalSet_2217",19
"P4_EvalSet_2219",19
"P4_EvalSet_2220",19
"P4_EvalSet_2225",19
"P4_EvalSet_2226",19
"P4_EvalSet_2227",19
"P4_EvalSet_2231",19
"P4_EvalSet_2234",19
"P4_EvalSet_2239",19
"P4_EvalSet_2250",19
"P4_EvalSet_2252",19
"P4_EvalSet_2254",19
"P4_EvalSet_2255",19
"P4_EvalSet_2258",19
"P4_EvalSet_2263",19
"P4_EvalSet_2272",19
"P4_EvalSet_2282",20
"P4_EvalSet_2286",20
"P4_EvalSet_2293",20
"P4_EvalSet_2295",20
"P4_EvalSet_2299",20
"P4_EvalSet_2300",20
"P4_EvalSet_2301",20
"P4_EvalSet_2302",20
"P4_EvalSet_2311",20
"P4_EvalSet_2314",20
"P4_EvalSet_2327",20
"P4_EvalSet_2329",20
"P4_EvalSet_2331",20
"P4_EvalSet_2332",20
"P4_EvalSet_2334",20
"P4_EvalSet_2344",20
"P4_EvalSet_2349",20
"P4_EvalSet_2360",20
"P4_EvalSet_2367",20
"P4_EvalSet_2370",20
"P4_EvalSet_2374",20
"P4_EvalSet_2381",20
"P4_EvalSet_2384",20
"P4_EvalSet_2388",20
"P4_EvalSet_2395",20
"P4_EvalSet_2403",21
"P4_EvalSet_2405",21
"P4_EvalSet_2406",21
"P4_EvalSet_2407",21
"P4_EvalSet_2414",21
"P4_EvalSet_2415",21
"P4_EvalSet_2422",21
"P4_EvalSet_2444",21
"P4_EvalSet_2445",21
"P4_EvalSet_2447",21
"P4_EvalSet_2469",21
"P4_EvalSet_2475",21
"P4_EvalSet_2485",21
"P4_EvalSet_2486",21
"P4_EvalSet_2493",21
"P4_EvalSet_2496",21
"P4_EvalSet_2498",21
"P4_EvalSet_2504",21
"P4_EvalSet_2510",21
"P4_EvalSet_2514",21
"P4_EvalSet_2519",21
"P4_EvalSet_2521",22
"P4_EvalSet_2529",22
"P4_EvalSet_2530",22
"P4_EvalSet_2531",22
"P4_EvalSet_2536",22
"P4_EvalSet_2548",22
"P4_EvalSet_2550",22
"P4_EvalSet_2552",22
"P4_EvalSet_2555",22
"P4_EvalSet_2567",22
"P4_EvalSet_2571",22
"P4_EvalSet_2575",22
"P4_EvalSet_2585",22
"P4_EvalSet_2593",22
"P4_EvalSet_2595",22
"P4_EvalSet_2604",22
"P4_EvalSet_2607",22
"P4_EvalSet_2609",22
"P4_EvalSet_2620",22
"P4_EvalSet_2626",22
"P4_EvalSet_2631",22
"P4_EvalSet_2632",22
"P4_EvalSet_2636",22
"P4_EvalSet_2651",23
"P4_EvalSet_2654",23
"P4_EvalSet_2657",23
"P4_EvalSet_2662",23
"P4_EvalSet_2666",23
"P4_EvalSet_2668",23
"P4_EvalSet_2673",23
"P4_EvalSet_2680",23
"P4_EvalSet_2688",23
"P4_EvalSet_2690",23
"P4_EvalSet_2692",23
"P4_EvalSet_2702",23
"P4_EvalSet_2705",23
"P4_EvalSet_2707",23
"P4_EvalSet_2708",23
"P4_EvalSet_2712",23
"P4_EvalSet_2716",23
"P4_EvalSet_2721",23
"P4_EvalSet_2723",23
"P4_EvalSet_2730",23
"P4_EvalSet_2738",23
"P4_EvalSet_2755",23
"P4_EvalSet_2761",24
"P4_EvalSet_2763",24
"P4_EvalSet_2766",24
"P4_EvalSet_2779",24
"P4_EvalSet_2782",24
"P4_EvalSet_2783",24
"P4_EvalSet_2786",24
"P4_EvalSet_2788",24
"P4_EvalSet_2798",24
"P4_EvalSet_2803",24
"P4_EvalSet_2805",24
"P4_EvalSet_2814",24
"P4_EvalSet_2818",24
"P4_EvalSet_2823",24
"P4_EvalSet_2825",24
"P4_EvalSet_2830",24
"P4_EvalSet_2832",24
"P4_EvalSet_2833",24
"P4_EvalSet_2838",24
"P4_EvalSet_2840",24
"P4_EvalSet_2843",24
"P4_EvalSet_2862",24
"P4_EvalSet_2868",24
"P4_EvalSet_2869",24
"P4_EvalSet_2872",24
"P4_EvalSet_2877",24
"P4_EvalSet_2882",25
"P4_EvalSet_2893",25
"P4_EvalSet_2894",25
"P4_EvalSet_2896",25
"P4_EvalSet_2898",25
"P4_EvalSet_2901",25
"P4_EvalSet_2904",25
"P4_EvalSet_2907",25
"P4_EvalSet_2908",25
"P4_EvalSet_2909",25
"P4_EvalSet_2915",25
"P4_EvalSet_2928",25
"P4_EvalSet_2930",25
"P4_EvalSet_2931",25
"P4_EvalSet_2932",25
"P4_EvalSet_2935",25
"P4_EvalSet_2937",25
"P4_EvalSet_2946",25
"P4_EvalSet_2947",25
"P4_EvalSet_2949",25
"P4_EvalSet_2959",25
"P4_EvalSet_2962",25
"P4_EvalSet_2968",25
"P4_EvalSet_2969",25
"P4_EvalSet_2970",25
"P4_EvalSet_2973",25
"P4_EvalSet_2986",25
"P4_EvalSet_2987",25
"P4_EvalSet_2989",25
"P4_EvalSet_2996",25
"P4_EvalSet_2998",25
